Soil Type,Moisture Content (%),Wilting Point (%),Recommended Fertilizers
Loam,20.82,12.83,"Compost, Nitrogen, Phosphorus"
Silty Clay,32.69,33.41,"Micro-Nutrients, Potash"
Silty Clay Loam,35.27,22.97,"Potash, Nitrogen, Micro-Nutrients"
Sandy Loam,17.36,11.72,"NPK (Nitrogen, Phosphorus, Potassium), Potash"
Loam,21.76,18.63,"Compost, Nitrogen, Phosphorus"
Silt Loam,26.96,23.63,"Phosphorus, Nitrogen, Potash"
Silt Loam,29.81,22.98,"Phosphorus, Nitrogen, Potash"
Sand,5.51,3.08,"Nitrogen, Potassium"
Silt Loam,32.4,18.48,"Phosphorus, Nitrogen, Potash"
Loamy Sand,16.68,9.47,"Organic Fertilizer, Nitrogen"
Silt Loam,29.66,22.32,"Phosphorus, Nitrogen, Potash"
Clay Loam,36.08,30.36,"Nitrogen, Potassium, Phosphorus"
Clay,33.39,48.16,"Urea, Potassium, Nitrogen"
Silty Clay,30.23,36.75,"Micro-Nutrients, Potash"
Sand,14.07,2.51,"Nitrogen, Potassium"
Silty Clay Loam,38.13,25.37,"Potash, Nitrogen, Micro-Nutrients"
Clay Loam,35.8,28.14,"Nitrogen, Potassium, Phosphorus"
Silt Loam,29.07,19.3,"Phosphorus, Nitrogen, Potash"
Silty Clay,38.58,34.36,"Micro-Nutrients, Potash"
Sandy Clay Loam,25.89,29.77,"DAP (Diammonium Phosphate), Nitrogen"
Silt Loam,25.12,18.83,"Phosphorus, Nitrogen, Potash"
Silty Clay Loam,34.32,21.52,"Potash, Nitrogen, Micro-Nutrients"
Clay,31.1,35.96,"Urea, Potassium, Nitrogen"
Sandy Clay Loam,31.93,32.05,"DAP (Diammonium Phosphate), Nitrogen"
Clay Loam,30.08,32.12,"Nitrogen, Potassium, Phosphorus"
Sandy Clay Loam,34.25,25.95,"DAP (Diammonium Phosphate), Nitrogen"
Silty Clay,32.19,34.2,"Micro-Nutrients, Potash"
Clay,31.38,44.91,"Urea, Potassium, Nitrogen"
Sandy Clay Loam,27.5,29.37,"DAP (Diammonium Phosphate), Nitrogen"
Silt Loam,26.32,20.75,"Phosphorus, Nitrogen, Potash"
Sand,14.04,7.71,"Nitrogen, Potassium"
Silty Clay,31.89,31.81,"Micro-Nutrients, Potash"
Silt Loam,28.71,18.71,"Phosphorus, Nitrogen, Potash"
Sandy Clay Loam,31.79,26.8,"DAP (Diammonium Phosphate), Nitrogen"
Clay,29.6,47.81,"Urea, Potassium, Nitrogen"
Silt Loam,29.17,17.79,"Phosphorus, Nitrogen, Potash"
Clay,25.26,40.22,"Urea, Potassium, Nitrogen"
Loamy Sand,13.06,5.52,"Organic Fertilizer, Nitrogen"
Clay,26.56,38.23,"Urea, Potassium, Nitrogen"
Loam,21.3,13.59,"Compost, Nitrogen, Phosphorus"
Sandy Clay Loam,26.21,31.32,"DAP (Diammonium Phosphate), Nitrogen"
Silty Clay Loam,31.8,27.07,"Potash, Nitrogen, Micro-Nutrients"
Sandy Loam,19.2,13.16,"NPK (Nitrogen, Phosphorus, Potassium), Potash"
Sandy Clay Loam,34.63,25.99,"DAP (Diammonium Phosphate), Nitrogen"
Sandy Clay Loam,33.82,29.45,"DAP (Diammonium Phosphate), Nitrogen"
Silt Loam,31.1,23.47,"Phosphorus, Nitrogen, Potash"
Loamy Sand,19.39,9.42,"Organic Fertilizer, Nitrogen"
Sand,5.12,7.81,"Nitrogen, Potassium"
Clay Loam,30.1,33.08,"Nitrogen, Potassium, Phosphorus"
Clay Loam,32.65,34.07,"Nitrogen, Potassium, Phosphorus"
Loam,26.88,19.67,"Compost, Nitrogen, Phosphorus"
Silt Loam,25.11,17.34,"Phosphorus, Nitrogen, Potash"
Clay,25.98,43.66,"Urea, Potassium, Nitrogen"
Sandy Clay Loam,33.54,25.42,"DAP (Diammonium Phosphate), Nitrogen"
Clay,31.84,36.01,"Urea, Potassium, Nitrogen"
Sand,9.54,5.81,"Nitrogen, Potassium"
Clay,32.07,37.71,"Urea, Potassium, Nitrogen"
Loamy Sand,11.56,8.92,"Organic Fertilizer, Nitrogen"
Loam,20.56,19.97,"Compost, Nitrogen, Phosphorus"
Silt Loam,25.54,19.43,"Phosphorus, Nitrogen, Potash"
Silty Clay,30.86,35.49,"Micro-Nutrients, Potash"
Clay Loam,34.81,29.63,"Nitrogen, Potassium, Phosphorus"
Loamy Sand,13.65,9.04,"Organic Fertilizer, Nitrogen"
Sand,13.35,4.09,"Nitrogen, Potassium"
Clay Loam,33.86,30.14,"Nitrogen, Potassium, Phosphorus"
Sandy Loam,20.37,12.44,"NPK (Nitrogen, Phosphorus, Potassium), Potash"
Silty Clay,35.58,39.08,"Micro-Nutrients, Potash"
Clay,28.26,41.0,"Urea, Potassium, Nitrogen"
Sandy Clay Loam,27.02,31.63,"DAP (Diammonium Phosphate), Nitrogen"
Silty Clay,34.81,35.09,"Micro-Nutrients, Potash"
Clay Loam,36.98,29.62,"Nitrogen, Potassium, Phosphorus"
Sandy Clay Loam,32.05,29.07,"DAP (Diammonium Phosphate), Nitrogen"
Loam,28.67,15.99,"Compost, Nitrogen, Phosphorus"
Clay Loam,31.14,30.55,"Nitrogen, Potassium, Phosphorus"
Loam,23.23,13.44,"Compost, Nitrogen, Phosphorus"
Clay Loam,31.32,25.51,"Nitrogen, Potassium, Phosphorus"
Loamy Sand,11.53,6.24,"Organic Fertilizer, Nitrogen"
Clay,27.01,36.41,"Urea, Potassium, Nitrogen"
Sand,13.45,5.44,"Nitrogen, Potassium"
Silty Clay,36.29,35.69,"Micro-Nutrients, Potash"
Silty Clay,30.26,34.64,"Micro-Nutrients, Potash"
Sandy Clay Loam,27.71,25.41,"DAP (Diammonium Phosphate), Nitrogen"
Sand,8.93,6.34,"Nitrogen, Potassium"
Loam,28.72,18.56,"Compost, Nitrogen, Phosphorus"
Sand,14.16,3.1,"Nitrogen, Potassium"
Sandy Clay Loam,30.11,25.28,"DAP (Diammonium Phosphate), Nitrogen"
Loam,20.33,19.61,"Compost, Nitrogen, Phosphorus"
Loamy Sand,17.72,9.58,"Organic Fertilizer, Nitrogen"
Loamy Sand,17.67,6.93,"Organic Fertilizer, Nitrogen"
Loamy Sand,12.65,5.11,"Organic Fertilizer, Nitrogen"
Silty Clay Loam,30.93,27.77,"Potash, Nitrogen, Micro-Nutrients"
Clay,32.72,48.24,"Urea, Potassium, Nitrogen"
Silty Clay,35.45,39.32,"Micro-Nutrients, Potash"
Clay Loam,34.43,33.67,"Nitrogen, Potassium, Phosphorus"
Silty Clay Loam,36.51,21.1,"Potash, Nitrogen, Micro-Nutrients"
Sand,6.61,2.95,"Nitrogen, Potassium"
Silty Clay Loam,33.2,28.96,"Potash, Nitrogen, Micro-Nutrients"
Sandy Clay Loam,32.45,31.73,"DAP (Diammonium Phosphate), Nitrogen"
Silty Clay,31.85,37.98,"Micro-Nutrients, Potash"
Clay Loam,32.37,30.58,"Nitrogen, Potassium, Phosphorus"
Sandy Loam,24.37,14.86,"NPK (Nitrogen, Phosphorus, Potassium), Potash"
Silt Loam,33.57,20.56,"Phosphorus, Nitrogen, Potash"
Clay Loam,32.95,32.74,"Nitrogen, Potassium, Phosphorus"
Clay Loam,35.25,34.63,"Nitrogen, Potassium, Phosphorus"
Sandy Loam,16.68,11.5,"NPK (Nitrogen, Phosphorus, Potassium), Potash"
Clay Loam,35.08,26.41,"Nitrogen, Potassium, Phosphorus"
Silty Clay Loam,39.67,20.92,"Potash, Nitrogen, Micro-Nutrients"
Loamy Sand,17.53,7.56,"Organic Fertilizer, Nitrogen"
Loam,24.04,14.3,"Compost, Nitrogen, Phosphorus"
Loam,28.37,17.64,"Compost, Nitrogen, Phosphorus"
Sand,13.21,7.93,"Nitrogen, Potassium"
Sand,7.77,1.48,"Nitrogen, Potassium"
Loamy Sand,17.33,8.26,"Organic Fertilizer, Nitrogen"
Silt Loam,34.12,24.33,"Phosphorus, Nitrogen, Potash"
Loam,21.87,16.07,"Compost, Nitrogen, Phosphorus"
Sandy Loam,21.53,14.79,"NPK (Nitrogen, Phosphorus, Potassium), Potash"
Clay,33.58,44.25,"Urea, Potassium, Nitrogen"
Sand,10.57,5.72,"Nitrogen, Potassium"
Sand,14.26,5.09,"Nitrogen, Potassium"
Silty Clay Loam,33.53,22.72,"Potash, Nitrogen, Micro-Nutrients"
Loam,27.35,18.74,"Compost, Nitrogen, Phosphorus"
Sand,10.66,3.45,"Nitrogen, Potassium"
Sand,5.85,5.84,"Nitrogen, Potassium"
Sand,12.53,1.68,"Nitrogen, Potassium"
Silty Clay,33.88,34.55,"Micro-Nutrients, Potash"
Clay,32.34,35.31,"Urea, Potassium, Nitrogen"
Silt Loam,32.87,20.25,"Phosphorus, Nitrogen, Potash"
Sand,6.24,3.06,"Nitrogen, Potassium"
Sandy Loam,22.89,11.53,"NPK (Nitrogen, Phosphorus, Potassium), Potash"
Silty Clay,35.73,36.74,"Micro-Nutrients, Potash"
Loamy Sand,17.99,5.48,"Organic Fertilizer, Nitrogen"
Sandy Clay Loam,30.94,31.95,"DAP (Diammonium Phosphate), Nitrogen"
Silt Loam,29.0,22.94,"Phosphorus, Nitrogen, Potash"
Loam,22.57,12.32,"Compost, Nitrogen, Phosphorus"
Silty Clay Loam,38.42,22.36,"Potash, Nitrogen, Micro-Nutrients"
Clay Loam,30.61,26.24,"Nitrogen, Potassium, Phosphorus"
Loamy Sand,11.34,5.68,"Organic Fertilizer, Nitrogen"
Silty Clay Loam,37.1,22.44,"Potash, Nitrogen, Micro-Nutrients"
Sandy Clay Loam,28.24,30.5,"DAP (Diammonium Phosphate), Nitrogen"
Silty Clay,39.2,32.6,"Micro-Nutrients, Potash"
Loam,25.21,17.62,"Compost, Nitrogen, Phosphorus"
Sandy Clay Loam,27.62,30.54,"DAP (Diammonium Phosphate), Nitrogen"
Sandy Clay Loam,30.41,34.4,"DAP (Diammonium Phosphate), Nitrogen"
Clay,33.36,38.89,"Urea, Potassium, Nitrogen"
Sandy Loam,20.03,12.24,"NPK (Nitrogen, Phosphorus, Potassium), Potash"
Sand,7.07,2.22,"Nitrogen, Potassium"
Sandy Loam,24.7,12.99,"NPK (Nitrogen, Phosphorus, Potassium), Potash"
Sandy Loam,18.87,13.27,"NPK (Nitrogen, Phosphorus, Potassium), Potash"
Silty Clay,35.08,38.98,"Micro-Nutrients, Potash"
Silt Loam,27.66,24.61,"Phosphorus, Nitrogen, Potash"
Sand,7.35,5.72,"Nitrogen, Potassium"
Silty Clay,33.82,32.01,"Micro-Nutrients, Potash"
Clay Loam,36.83,29.93,"Nitrogen, Potassium, Phosphorus"
Sandy Loam,21.77,13.62,"NPK (Nitrogen, Phosphorus, Potassium), Potash"
Clay Loam,34.34,25.44,"Nitrogen, Potassium, Phosphorus"
Loam,20.94,18.29,"Compost, Nitrogen, Phosphorus"
Silty Clay,36.08,38.07,"Micro-Nutrients, Potash"
Loamy Sand,16.25,5.96,"Organic Fertilizer, Nitrogen"
Clay,31.7,44.16,"Urea, Potassium, Nitrogen"
Sandy Loam,19.65,13.34,"NPK (Nitrogen, Phosphorus, Potassium), Potash"
Sand,12.93,5.29,"Nitrogen, Potassium"
Silty Clay,32.54,31.26,"Micro-Nutrients, Potash"
Silty Clay Loam,30.6,20.61,"Potash, Nitrogen, Micro-Nutrients"
Clay Loam,39.98,30.39,"Nitrogen, Potassium, Phosphorus"
Silty Clay,31.81,37.89,"Micro-Nutrients, Potash"
Silty Clay,35.02,32.56,"Micro-Nutrients, Potash"
Sandy Loam,18.92,14.3,"NPK (Nitrogen, Phosphorus, Potassium), Potash"
Sand,7.54,1.63,"Nitrogen, Potassium"
Loam,21.51,18.98,"Compost, Nitrogen, Phosphorus"
Loamy Sand,15.73,9.64,"Organic Fertilizer, Nitrogen"
Loam,20.46,17.72,"Compost, Nitrogen, Phosphorus"
Sandy Clay Loam,31.35,34.11,"DAP (Diammonium Phosphate), Nitrogen"
Silt Loam,25.03,24.77,"Phosphorus, Nitrogen, Potash"
Sandy Clay Loam,28.12,25.23,"DAP (Diammonium Phosphate), Nitrogen"
Silty Clay Loam,34.97,29.26,"Potash, Nitrogen, Micro-Nutrients"
Silty Clay,34.7,35.01,"Micro-Nutrients, Potash"
Loam,26.19,15.7,"Compost, Nitrogen, Phosphorus"
Silty Clay Loam,32.28,20.92,"Potash, Nitrogen, Micro-Nutrients"
Clay Loam,37.92,32.61,"Nitrogen, Potassium, Phosphorus"
Loam,20.83,13.6,"Compost, Nitrogen, Phosphorus"
Clay Loam,35.05,26.23,"Nitrogen, Potassium, Phosphorus"
Silty Clay,39.32,32.39,"Micro-Nutrients, Potash"
Clay,26.84,44.7,"Urea, Potassium, Nitrogen"
Silty Clay,39.22,34.35,"Micro-Nutrients, Potash"
Silt Loam,34.1,16.41,"Phosphorus, Nitrogen, Potash"
Loam,28.68,13.46,"Compost, Nitrogen, Phosphorus"
Sand,7.49,3.45,"Nitrogen, Potassium"
Sand,6.38,7.06,"Nitrogen, Potassium"
Loamy Sand,19.69,5.72,"Organic Fertilizer, Nitrogen"
Silty Clay Loam,32.99,23.43,"Potash, Nitrogen, Micro-Nutrients"
Loam,26.04,19.36,"Compost, Nitrogen, Phosphorus"
Sandy Loam,20.25,12.21,"NPK (Nitrogen, Phosphorus, Potassium), Potash"
Silty Clay,39.45,39.88,"Micro-Nutrients, Potash"
Clay Loam,39.65,31.89,"Nitrogen, Potassium, Phosphorus"
Clay Loam,32.12,28.22,"Nitrogen, Potassium, Phosphorus"
Sand,13.49,5.49,"Nitrogen, Potassium"
Silty Clay,31.62,36.61,"Micro-Nutrients, Potash"
Sand,5.5,4.09,"Nitrogen, Potassium"
Sandy Clay Loam,33.62,25.53,"DAP (Diammonium Phosphate), Nitrogen"
Sandy Clay Loam,31.48,28.85,"DAP (Diammonium Phosphate), Nitrogen"
Loamy Sand,15.25,8.71,"Organic Fertilizer, Nitrogen"
Sandy Clay Loam,33.21,32.77,"DAP (Diammonium Phosphate), Nitrogen"
Clay,26.73,47.69,"Urea, Potassium, Nitrogen"
Sandy Loam,16.11,14.65,"NPK (Nitrogen, Phosphorus, Potassium), Potash"
Clay,27.1,41.44,"Urea, Potassium, Nitrogen"
Clay,29.06,36.67,"Urea, Potassium, Nitrogen"
Sandy Clay Loam,33.63,32.98,"DAP (Diammonium Phosphate), Nitrogen"
Loamy Sand,19.85,7.57,"Organic Fertilizer, Nitrogen"
Silty Clay,35.78,35.0,"Micro-Nutrients, Potash"
Sandy Loam,15.38,14.93,"NPK (Nitrogen, Phosphorus, Potassium), Potash"
Loam,25.47,15.52,"Compost, Nitrogen, Phosphorus"
Loamy Sand,19.57,8.01,"Organic Fertilizer, Nitrogen"
Clay Loam,36.7,29.03,"Nitrogen, Potassium, Phosphorus"
Sandy Loam,19.1,10.09,"NPK (Nitrogen, Phosphorus, Potassium), Potash"
Loam,27.41,12.74,"Compost, Nitrogen, Phosphorus"
Silt Loam,30.16,21.05,"Phosphorus, Nitrogen, Potash"
Sand,8.35,7.0,"Nitrogen, Potassium"
Loamy Sand,13.35,7.66,"Organic Fertilizer, Nitrogen"
Silty Clay,39.1,38.5,"Micro-Nutrients, Potash"
Clay,34.97,43.21,"Urea, Potassium, Nitrogen"
Sand,13.1,1.14,"Nitrogen, Potassium"
Loamy Sand,19.15,5.38,"Organic Fertilizer, Nitrogen"
Silty Clay,30.76,36.31,"Micro-Nutrients, Potash"
Clay,32.51,49.64,"Urea, Potassium, Nitrogen"
Loamy Sand,13.57,6.3,"Organic Fertilizer, Nitrogen"
Silty Clay,38.73,37.68,"Micro-Nutrients, Potash"
Silty Clay Loam,33.54,22.42,"Potash, Nitrogen, Micro-Nutrients"
Clay Loam,34.43,29.06,"Nitrogen, Potassium, Phosphorus"
Silt Loam,33.09,19.03,"Phosphorus, Nitrogen, Potash"
Clay Loam,38.8,29.6,"Nitrogen, Potassium, Phosphorus"
Silty Clay,37.95,38.85,"Micro-Nutrients, Potash"
Clay,34.19,42.21,"Urea, Potassium, Nitrogen"
Sandy Loam,24.97,11.39,"NPK (Nitrogen, Phosphorus, Potassium), Potash"
Clay Loam,37.78,34.98,"Nitrogen, Potassium, Phosphorus"
Silty Clay Loam,34.79,29.79,"Potash, Nitrogen, Micro-Nutrients"
Sand,8.63,1.86,"Nitrogen, Potassium"
Clay Loam,31.95,34.53,"Nitrogen, Potassium, Phosphorus"
Silty Clay,39.9,32.96,"Micro-Nutrients, Potash"
Sandy Loam,23.12,13.54,"NPK (Nitrogen, Phosphorus, Potassium), Potash"
Sandy Clay Loam,31.31,30.78,"DAP (Diammonium Phosphate), Nitrogen"
Loamy Sand,19.03,5.08,"Organic Fertilizer, Nitrogen"
Silt Loam,32.88,20.17,"Phosphorus, Nitrogen, Potash"
Loam,21.07,12.52,"Compost, Nitrogen, Phosphorus"
Loamy Sand,16.56,6.06,"Organic Fertilizer, Nitrogen"
Loam,27.84,12.63,"Compost, Nitrogen, Phosphorus"
Loamy Sand,18.79,5.98,"Organic Fertilizer, Nitrogen"
Silty Clay,30.19,39.45,"Micro-Nutrients, Potash"
Sand,5.65,6.37,"Nitrogen, Potassium"
Clay,29.8,35.44,"Urea, Potassium, Nitrogen"
Clay,30.96,41.42,"Urea, Potassium, Nitrogen"
Clay,27.99,47.47,"Urea, Potassium, Nitrogen"
Sandy Loam,21.97,12.7,"NPK (Nitrogen, Phosphorus, Potassium), Potash"
Clay Loam,37.33,34.19,"Nitrogen, Potassium, Phosphorus"
Silty Clay Loam,36.12,26.28,"Potash, Nitrogen, Micro-Nutrients"
Sandy Loam,23.89,11.53,"NPK (Nitrogen, Phosphorus, Potassium), Potash"
Clay Loam,36.98,28.33,"Nitrogen, Potassium, Phosphorus"
Loamy Sand,17.54,6.5,"Organic Fertilizer, Nitrogen"
Loam,26.2,18.7,"Compost, Nitrogen, Phosphorus"
Sandy Clay Loam,26.97,34.83,"DAP (Diammonium Phosphate), Nitrogen"
Sandy Clay Loam,28.88,32.38,"DAP (Diammonium Phosphate), Nitrogen"
Clay,27.42,35.23,"Urea, Potassium, Nitrogen"
Loam,23.51,14.32,"Compost, Nitrogen, Phosphorus"
Sandy Loam,20.72,10.1,"NPK (Nitrogen, Phosphorus, Potassium), Potash"
Silty Clay,30.4,39.56,"Micro-Nutrients, Potash"
Silt Loam,32.29,24.98,"Phosphorus, Nitrogen, Potash"
Loamy Sand,15.38,5.54,"Organic Fertilizer, Nitrogen"
Sand,14.27,6.4,"Nitrogen, Potassium"
Clay Loam,36.84,28.7,"Nitrogen, Potassium, Phosphorus"
Loamy Sand,17.19,8.66,"Organic Fertilizer, Nitrogen"
Silt Loam,31.33,15.35,"Phosphorus, Nitrogen, Potash"
Sand,12.72,7.1,"Nitrogen, Potassium"
Clay Loam,37.68,29.23,"Nitrogen, Potassium, Phosphorus"
Sandy Clay Loam,25.45,30.08,"DAP (Diammonium Phosphate), Nitrogen"
Sand,5.21,4.29,"Nitrogen, Potassium"
Silty Clay,36.29,33.54,"Micro-Nutrients, Potash"
Loamy Sand,14.01,8.72,"Organic Fertilizer, Nitrogen"
Silt Loam,33.12,23.28,"Phosphorus, Nitrogen, Potash"
Loamy Sand,11.7,7.51,"Organic Fertilizer, Nitrogen"
Clay Loam,37.07,32.77,"Nitrogen, Potassium, Phosphorus"
Sandy Clay Loam,31.64,33.72,"DAP (Diammonium Phosphate), Nitrogen"
Loamy Sand,19.98,8.01,"Organic Fertilizer, Nitrogen"
Clay,30.58,38.03,"Urea, Potassium, Nitrogen"
Clay,30.46,46.0,"Urea, Potassium, Nitrogen"
Clay Loam,37.48,30.58,"Nitrogen, Potassium, Phosphorus"
Silty Clay,38.14,39.35,"Micro-Nutrients, Potash"
Clay Loam,36.3,27.6,"Nitrogen, Potassium, Phosphorus"
Clay Loam,35.75,25.79,"Nitrogen, Potassium, Phosphorus"
Clay Loam,39.57,26.49,"Nitrogen, Potassium, Phosphorus"
Sand,12.46,7.01,"Nitrogen, Potassium"
Silty Clay,33.11,31.96,"Micro-Nutrients, Potash"
Silty Clay,34.08,31.77,"Micro-Nutrients, Potash"
Sandy Clay Loam,34.5,33.43,"DAP (Diammonium Phosphate), Nitrogen"
Loam,20.29,19.06,"Compost, Nitrogen, Phosphorus"
Loamy Sand,13.54,7.56,"Organic Fertilizer, Nitrogen"
Silty Clay Loam,35.72,29.46,"Potash, Nitrogen, Micro-Nutrients"
Sandy Loam,19.8,11.67,"NPK (Nitrogen, Phosphorus, Potassium), Potash"
Silty Clay,34.67,39.2,"Micro-Nutrients, Potash"
Sandy Clay Loam,28.62,30.87,"DAP (Diammonium Phosphate), Nitrogen"
Loamy Sand,14.36,8.92,"Organic Fertilizer, Nitrogen"
Silty Clay Loam,30.4,29.46,"Potash, Nitrogen, Micro-Nutrients"
Silt Loam,29.25,15.23,"Phosphorus, Nitrogen, Potash"
Loam,21.2,19.79,"Compost, Nitrogen, Phosphorus"
Sandy Loam,21.0,11.96,"NPK (Nitrogen, Phosphorus, Potassium), Potash"
Loam,29.77,13.71,"Compost, Nitrogen, Phosphorus"
Sandy Loam,19.83,11.25,"NPK (Nitrogen, Phosphorus, Potassium), Potash"
Loam,24.01,18.49,"Compost, Nitrogen, Phosphorus"
Sandy Loam,23.79,13.59,"NPK (Nitrogen, Phosphorus, Potassium), Potash"
Sand,5.36,2.02,"Nitrogen, Potassium"
Loam,24.84,18.84,"Compost, Nitrogen, Phosphorus"
Sandy Clay Loam,34.9,28.6,"DAP (Diammonium Phosphate), Nitrogen"
Sandy Clay Loam,26.28,28.22,"DAP (Diammonium Phosphate), Nitrogen"
Silt Loam,28.28,22.99,"Phosphorus, Nitrogen, Potash"
Silty Clay,34.07,35.99,"Micro-Nutrients, Potash"
Clay,30.11,41.28,"Urea, Potassium, Nitrogen"
Silty Clay,33.99,36.68,"Micro-Nutrients, Potash"
Silty Clay,35.3,34.52,"Micro-Nutrients, Potash"
Silty Clay Loam,39.89,24.53,"Potash, Nitrogen, Micro-Nutrients"
Sandy Loam,17.07,11.59,"NPK (Nitrogen, Phosphorus, Potassium), Potash"
Silt Loam,25.42,15.13,"Phosphorus, Nitrogen, Potash"
Sand,14.32,4.65,"Nitrogen, Potassium"
Sandy Loam,24.02,14.55,"NPK (Nitrogen, Phosphorus, Potassium), Potash"
Loamy Sand,12.97,7.95,"Organic Fertilizer, Nitrogen"
Sandy Clay Loam,35.0,34.05,"DAP (Diammonium Phosphate), Nitrogen"
Silty Clay,38.87,38.33,"Micro-Nutrients, Potash"
Clay,32.66,39.93,"Urea, Potassium, Nitrogen"
Clay Loam,31.29,33.53,"Nitrogen, Potassium, Phosphorus"
Clay Loam,35.27,25.63,"Nitrogen, Potassium, Phosphorus"
Loam,24.78,19.77,"Compost, Nitrogen, Phosphorus"
Sandy Clay Loam,29.49,31.1,"DAP (Diammonium Phosphate), Nitrogen"
Silty Clay Loam,31.98,23.63,"Potash, Nitrogen, Micro-Nutrients"
Loamy Sand,19.9,6.45,"Organic Fertilizer, Nitrogen"
Sandy Clay Loam,30.28,32.41,"DAP (Diammonium Phosphate), Nitrogen"
Silty Clay Loam,37.46,23.17,"Potash, Nitrogen, Micro-Nutrients"
Clay Loam,38.24,33.59,"Nitrogen, Potassium, Phosphorus"
Silty Clay Loam,39.22,23.23,"Potash, Nitrogen, Micro-Nutrients"
Silt Loam,26.83,16.67,"Phosphorus, Nitrogen, Potash"
Clay Loam,33.66,32.78,"Nitrogen, Potassium, Phosphorus"
Sandy Clay Loam,30.29,25.48,"DAP (Diammonium Phosphate), Nitrogen"
Clay,29.89,36.49,"Urea, Potassium, Nitrogen"
Clay Loam,35.54,32.61,"Nitrogen, Potassium, Phosphorus"
Clay Loam,31.0,32.93,"Nitrogen, Potassium, Phosphorus"
Sandy Loam,22.76,14.55,"NPK (Nitrogen, Phosphorus, Potassium), Potash"
Sandy Loam,17.89,12.6,"NPK (Nitrogen, Phosphorus, Potassium), Potash"
Silty Clay,34.39,30.78,"Micro-Nutrients, Potash"
Sandy Clay Loam,29.35,28.94,"DAP (Diammonium Phosphate), Nitrogen"
Clay Loam,39.82,30.7,"Nitrogen, Potassium, Phosphorus"
Clay Loam,32.61,33.64,"Nitrogen, Potassium, Phosphorus"
Sand,14.17,1.76,"Nitrogen, Potassium"
Clay,25.84,37.22,"Urea, Potassium, Nitrogen"
Clay,25.25,43.03,"Urea, Potassium, Nitrogen"
Clay Loam,36.74,26.63,"Nitrogen, Potassium, Phosphorus"
Sand,14.09,2.42,"Nitrogen, Potassium"
Loam,27.34,18.96,"Compost, Nitrogen, Phosphorus"
Silty Clay Loam,34.37,25.39,"Potash, Nitrogen, Micro-Nutrients"
Sand,13.91,3.1,"Nitrogen, Potassium"
Sand,5.62,7.69,"Nitrogen, Potassium"
Sand,14.88,3.0,"Nitrogen, Potassium"
Sandy Loam,20.42,13.96,"NPK (Nitrogen, Phosphorus, Potassium), Potash"
Sandy Loam,21.15,10.93,"NPK (Nitrogen, Phosphorus, Potassium), Potash"
Clay Loam,34.45,31.68,"Nitrogen, Potassium, Phosphorus"
Loam,23.27,19.49,"Compost, Nitrogen, Phosphorus"
Clay,28.87,44.72,"Urea, Potassium, Nitrogen"
Clay,25.35,36.0,"Urea, Potassium, Nitrogen"
Clay,32.78,40.29,"Urea, Potassium, Nitrogen"
Loamy Sand,18.96,5.29,"Organic Fertilizer, Nitrogen"
Silty Clay,30.33,36.38,"Micro-Nutrients, Potash"
Loam,27.74,13.48,"Compost, Nitrogen, Phosphorus"
Sandy Loam,20.35,13.36,"NPK (Nitrogen, Phosphorus, Potassium), Potash"
Clay Loam,30.38,28.96,"Nitrogen, Potassium, Phosphorus"
Silty Clay Loam,35.27,28.61,"Potash, Nitrogen, Micro-Nutrients"
Loamy Sand,15.35,5.1,"Organic Fertilizer, Nitrogen"
Sandy Clay Loam,29.49,28.96,"DAP (Diammonium Phosphate), Nitrogen"
Clay Loam,35.08,25.19,"Nitrogen, Potassium, Phosphorus"
Silty Clay,30.42,35.8,"Micro-Nutrients, Potash"
Silt Loam,28.85,23.93,"Phosphorus, Nitrogen, Potash"
Silty Clay Loam,33.88,24.51,"Potash, Nitrogen, Micro-Nutrients"
Sandy Clay Loam,27.08,25.55,"DAP (Diammonium Phosphate), Nitrogen"
Silty Clay,34.9,38.77,"Micro-Nutrients, Potash"
Silt Loam,32.91,23.59,"Phosphorus, Nitrogen, Potash"
Loam,29.61,17.5,"Compost, Nitrogen, Phosphorus"
Sandy Loam,23.27,14.31,"NPK (Nitrogen, Phosphorus, Potassium), Potash"
Silty Clay,31.8,38.9,"Micro-Nutrients, Potash"
Sand,7.25,6.99,"Nitrogen, Potassium"
Loamy Sand,15.26,5.08,"Organic Fertilizer, Nitrogen"
Clay,29.04,39.9,"Urea, Potassium, Nitrogen"
Sandy Loam,20.19,10.42,"NPK (Nitrogen, Phosphorus, Potassium), Potash"
Loamy Sand,16.54,6.44,"Organic Fertilizer, Nitrogen"
Clay,29.95,44.39,"Urea, Potassium, Nitrogen"
Silty Clay Loam,33.37,21.95,"Potash, Nitrogen, Micro-Nutrients"
Loamy Sand,16.96,9.14,"Organic Fertilizer, Nitrogen"
Silt Loam,32.96,23.4,"Phosphorus, Nitrogen, Potash"
Silty Clay Loam,38.36,25.29,"Potash, Nitrogen, Micro-Nutrients"
Loamy Sand,11.04,7.61,"Organic Fertilizer, Nitrogen"
Silt Loam,34.07,23.74,"Phosphorus, Nitrogen, Potash"
Sandy Loam,17.81,13.4,"NPK (Nitrogen, Phosphorus, Potassium), Potash"
Sand,7.72,6.13,"Nitrogen, Potassium"
Sandy Loam,17.07,11.32,"NPK (Nitrogen, Phosphorus, Potassium), Potash"
Loamy Sand,18.37,9.16,"Organic Fertilizer, Nitrogen"
Silty Clay,38.06,35.85,"Micro-Nutrients, Potash"
Silty Clay,37.16,37.62,"Micro-Nutrients, Potash"
Loamy Sand,17.72,8.52,"Organic Fertilizer, Nitrogen"
Silty Clay,37.98,36.65,"Micro-Nutrients, Potash"
Clay Loam,31.12,27.61,"Nitrogen, Potassium, Phosphorus"
Loam,21.48,15.82,"Compost, Nitrogen, Phosphorus"
Loam,29.01,12.72,"Compost, Nitrogen, Phosphorus"
Sand,8.06,2.52,"Nitrogen, Potassium"
Loamy Sand,10.63,9.91,"Organic Fertilizer, Nitrogen"
Clay,33.87,35.64,"Urea, Potassium, Nitrogen"
Loam,26.24,15.98,"Compost, Nitrogen, Phosphorus"
Sand,12.72,2.54,"Nitrogen, Potassium"
Silty Clay,34.29,31.67,"Micro-Nutrients, Potash"
Loam,28.92,17.21,"Compost, Nitrogen, Phosphorus"
Loam,24.17,17.21,"Compost, Nitrogen, Phosphorus"
Sandy Clay Loam,27.01,33.4,"DAP (Diammonium Phosphate), Nitrogen"
Clay Loam,37.37,34.01,"Nitrogen, Potassium, Phosphorus"
Silt Loam,27.02,20.27,"Phosphorus, Nitrogen, Potash"
Silty Clay Loam,39.62,22.43,"Potash, Nitrogen, Micro-Nutrients"
Silty Clay Loam,33.97,20.96,"Potash, Nitrogen, Micro-Nutrients"
Silty Clay,30.46,32.54,"Micro-Nutrients, Potash"
Silty Clay Loam,31.78,27.15,"Potash, Nitrogen, Micro-Nutrients"
Silt Loam,31.53,15.1,"Phosphorus, Nitrogen, Potash"
Silty Clay Loam,34.61,26.08,"Potash, Nitrogen, Micro-Nutrients"
Loamy Sand,11.48,5.21,"Organic Fertilizer, Nitrogen"
Sandy Clay Loam,33.62,30.65,"DAP (Diammonium Phosphate), Nitrogen"
Clay,33.4,49.88,"Urea, Potassium, Nitrogen"
Silty Clay Loam,38.47,23.58,"Potash, Nitrogen, Micro-Nutrients"
Clay,34.62,44.74,"Urea, Potassium, Nitrogen"
Sand,7.96,2.09,"Nitrogen, Potassium"
Loamy Sand,16.31,8.35,"Organic Fertilizer, Nitrogen"
Silty Clay,33.62,36.54,"Micro-Nutrients, Potash"
Silty Clay Loam,30.85,23.32,"Potash, Nitrogen, Micro-Nutrients"
Sandy Loam,18.16,10.98,"NPK (Nitrogen, Phosphorus, Potassium), Potash"
Clay Loam,36.14,32.46,"Nitrogen, Potassium, Phosphorus"
Silty Clay,33.74,31.63,"Micro-Nutrients, Potash"
Silt Loam,29.52,23.13,"Phosphorus, Nitrogen, Potash"
Loamy Sand,18.84,9.77,"Organic Fertilizer, Nitrogen"
Clay Loam,35.14,28.41,"Nitrogen, Potassium, Phosphorus"
Silty Clay,33.11,35.49,"Micro-Nutrients, Potash"
Sandy Loam,24.9,14.76,"NPK (Nitrogen, Phosphorus, Potassium), Potash"
Silty Clay Loam,35.87,25.4,"Potash, Nitrogen, Micro-Nutrients"
Sandy Clay Loam,29.86,32.69,"DAP (Diammonium Phosphate), Nitrogen"
Sandy Clay Loam,29.61,34.61,"DAP (Diammonium Phosphate), Nitrogen"
Loam,23.13,18.36,"Compost, Nitrogen, Phosphorus"
Sandy Clay Loam,31.9,29.02,"DAP (Diammonium Phosphate), Nitrogen"
Sand,11.77,1.56,"Nitrogen, Potassium"
Silty Clay,32.21,36.27,"Micro-Nutrients, Potash"
Sandy Loam,24.72,14.97,"NPK (Nitrogen, Phosphorus, Potassium), Potash"
Sandy Loam,18.53,10.05,"NPK (Nitrogen, Phosphorus, Potassium), Potash"
Sandy Clay Loam,26.69,34.96,"DAP (Diammonium Phosphate), Nitrogen"
Silty Clay Loam,36.55,22.68,"Potash, Nitrogen, Micro-Nutrients"
Sand,5.23,4.97,"Nitrogen, Potassium"
Sand,12.79,6.29,"Nitrogen, Potassium"
Silt Loam,29.25,15.63,"Phosphorus, Nitrogen, Potash"
Clay Loam,30.97,25.89,"Nitrogen, Potassium, Phosphorus"
Sandy Clay Loam,27.7,28.85,"DAP (Diammonium Phosphate), Nitrogen"
Clay Loam,35.09,32.47,"Nitrogen, Potassium, Phosphorus"
Sand,14.09,5.96,"Nitrogen, Potassium"
Loam,22.75,19.48,"Compost, Nitrogen, Phosphorus"
Clay Loam,31.25,31.94,"Nitrogen, Potassium, Phosphorus"
Silt Loam,30.12,15.4,"Phosphorus, Nitrogen, Potash"
Loamy Sand,12.79,5.8,"Organic Fertilizer, Nitrogen"
Loamy Sand,16.67,8.87,"Organic Fertilizer, Nitrogen"
Sand,7.36,1.12,"Nitrogen, Potassium"
Loamy Sand,16.68,5.41,"Organic Fertilizer, Nitrogen"
Loamy Sand,19.15,6.01,"Organic Fertilizer, Nitrogen"
Silt Loam,28.1,22.6,"Phosphorus, Nitrogen, Potash"
Silt Loam,31.58,15.79,"Phosphorus, Nitrogen, Potash"
Loamy Sand,17.42,5.17,"Organic Fertilizer, Nitrogen"
Loamy Sand,19.88,8.16,"Organic Fertilizer, Nitrogen"
Clay,31.96,39.95,"Urea, Potassium, Nitrogen"
Clay,28.71,45.03,"Urea, Potassium, Nitrogen"
Clay,32.6,40.01,"Urea, Potassium, Nitrogen"
Loam,21.34,12.85,"Compost, Nitrogen, Phosphorus"
Sand,13.53,2.22,"Nitrogen, Potassium"
Silt Loam,32.02,17.87,"Phosphorus, Nitrogen, Potash"
Loam,26.61,14.18,"Compost, Nitrogen, Phosphorus"
Silty Clay,36.6,34.63,"Micro-Nutrients, Potash"
Sandy Loam,23.94,14.97,"NPK (Nitrogen, Phosphorus, Potassium), Potash"
Clay,27.88,42.56,"Urea, Potassium, Nitrogen"
Clay,26.47,35.61,"Urea, Potassium, Nitrogen"
Clay,26.49,45.97,"Urea, Potassium, Nitrogen"
Clay,34.29,46.68,"Urea, Potassium, Nitrogen"
Sand,11.99,2.94,"Nitrogen, Potassium"
Silt Loam,31.44,20.42,"Phosphorus, Nitrogen, Potash"
Clay Loam,36.42,25.73,"Nitrogen, Potassium, Phosphorus"
Silty Clay Loam,39.6,26.51,"Potash, Nitrogen, Micro-Nutrients"
Sandy Clay Loam,26.49,28.12,"DAP (Diammonium Phosphate), Nitrogen"
Sandy Clay Loam,32.93,28.79,"DAP (Diammonium Phosphate), Nitrogen"
Loamy Sand,18.89,5.51,"Organic Fertilizer, Nitrogen"
Silty Clay,36.3,39.34,"Micro-Nutrients, Potash"
Clay,31.82,38.2,"Urea, Potassium, Nitrogen"
Clay,31.59,49.12,"Urea, Potassium, Nitrogen"
Loam,20.79,18.43,"Compost, Nitrogen, Phosphorus"
Sandy Clay Loam,33.65,29.67,"DAP (Diammonium Phosphate), Nitrogen"
Sandy Clay Loam,31.08,32.45,"DAP (Diammonium Phosphate), Nitrogen"
Sandy Loam,22.75,10.95,"NPK (Nitrogen, Phosphorus, Potassium), Potash"
Sand,11.09,4.72,"Nitrogen, Potassium"
Silty Clay Loam,31.27,22.5,"Potash, Nitrogen, Micro-Nutrients"
Loam,20.85,14.11,"Compost, Nitrogen, Phosphorus"
Sandy Loam,20.34,11.75,"NPK (Nitrogen, Phosphorus, Potassium), Potash"
Sandy Clay Loam,34.86,27.48,"DAP (Diammonium Phosphate), Nitrogen"
Silty Clay,33.25,38.78,"Micro-Nutrients, Potash"
Loamy Sand,13.58,8.82,"Organic Fertilizer, Nitrogen"
Silty Clay,35.09,31.25,"Micro-Nutrients, Potash"
Silty Clay Loam,37.49,24.72,"Potash, Nitrogen, Micro-Nutrients"
Silty Clay,34.57,37.64,"Micro-Nutrients, Potash"
Silt Loam,28.86,15.7,"Phosphorus, Nitrogen, Potash"
Clay Loam,37.12,31.98,"Nitrogen, Potassium, Phosphorus"
Clay,28.58,45.44,"Urea, Potassium, Nitrogen"
Sandy Clay Loam,30.35,32.03,"DAP (Diammonium Phosphate), Nitrogen"
Sand,10.0,7.07,"Nitrogen, Potassium"
Loamy Sand,11.2,7.94,"Organic Fertilizer, Nitrogen"
Sandy Loam,24.34,10.28,"NPK (Nitrogen, Phosphorus, Potassium), Potash"
Clay,33.85,39.22,"Urea, Potassium, Nitrogen"
Silt Loam,32.17,19.94,"Phosphorus, Nitrogen, Potash"
Silty Clay Loam,39.49,20.51,"Potash, Nitrogen, Micro-Nutrients"
Clay Loam,35.53,33.86,"Nitrogen, Potassium, Phosphorus"
Sandy Clay Loam,29.45,30.22,"DAP (Diammonium Phosphate), Nitrogen"
Sandy Loam,19.7,12.96,"NPK (Nitrogen, Phosphorus, Potassium), Potash"
Loam,22.68,17.83,"Compost, Nitrogen, Phosphorus"
Sand,7.69,5.92,"Nitrogen, Potassium"
Silt Loam,28.75,20.96,"Phosphorus, Nitrogen, Potash"
Loamy Sand,11.9,9.38,"Organic Fertilizer, Nitrogen"
Clay Loam,38.0,29.73,"Nitrogen, Potassium, Phosphorus"
Sandy Loam,17.39,11.35,"NPK (Nitrogen, Phosphorus, Potassium), Potash"
Loam,27.86,17.75,"Compost, Nitrogen, Phosphorus"
Loamy Sand,19.25,6.13,"Organic Fertilizer, Nitrogen"
Sandy Loam,16.32,11.41,"NPK (Nitrogen, Phosphorus, Potassium), Potash"
Sand,10.79,2.57,"Nitrogen, Potassium"
Sandy Clay Loam,26.21,29.22,"DAP (Diammonium Phosphate), Nitrogen"
Silty Clay Loam,32.03,25.34,"Potash, Nitrogen, Micro-Nutrients"
Sandy Loam,21.96,14.76,"NPK (Nitrogen, Phosphorus, Potassium), Potash"
Loamy Sand,18.32,8.95,"Organic Fertilizer, Nitrogen"
Sandy Loam,15.28,10.25,"NPK (Nitrogen, Phosphorus, Potassium), Potash"
Sand,5.2,6.22,"Nitrogen, Potassium"
Sandy Loam,15.67,12.08,"NPK (Nitrogen, Phosphorus, Potassium), Potash"
Sandy Clay Loam,26.51,25.49,"DAP (Diammonium Phosphate), Nitrogen"
Silty Clay,31.45,30.1,"Micro-Nutrients, Potash"
Silt Loam,33.08,24.03,"Phosphorus, Nitrogen, Potash"
Silt Loam,30.73,22.65,"Phosphorus, Nitrogen, Potash"
Sandy Loam,19.91,13.65,"NPK (Nitrogen, Phosphorus, Potassium), Potash"
Silty Clay Loam,36.62,25.99,"Potash, Nitrogen, Micro-Nutrients"
Silt Loam,30.81,22.67,"Phosphorus, Nitrogen, Potash"
Clay,34.92,44.31,"Urea, Potassium, Nitrogen"
Sandy Loam,15.5,13.03,"NPK (Nitrogen, Phosphorus, Potassium), Potash"
Sandy Clay Loam,26.96,29.96,"DAP (Diammonium Phosphate), Nitrogen"
Silty Clay,31.21,34.97,"Micro-Nutrients, Potash"
Clay Loam,31.67,29.36,"Nitrogen, Potassium, Phosphorus"
Silty Clay Loam,31.49,22.22,"Potash, Nitrogen, Micro-Nutrients"
Sandy Loam,20.95,11.68,"NPK (Nitrogen, Phosphorus, Potassium), Potash"
Sandy Loam,20.97,12.98,"NPK (Nitrogen, Phosphorus, Potassium), Potash"
Sandy Clay Loam,34.36,26.93,"DAP (Diammonium Phosphate), Nitrogen"
Clay,33.44,47.44,"Urea, Potassium, Nitrogen"
Sandy Clay Loam,30.96,25.43,"DAP (Diammonium Phosphate), Nitrogen"
Silty Clay,31.83,36.88,"Micro-Nutrients, Potash"
Silt Loam,25.11,21.74,"Phosphorus, Nitrogen, Potash"
Sand,6.41,6.79,"Nitrogen, Potassium"
Clay Loam,39.39,31.28,"Nitrogen, Potassium, Phosphorus"
Loamy Sand,16.4,9.29,"Organic Fertilizer, Nitrogen"
Sand,6.5,3.72,"Nitrogen, Potassium"
Silty Clay,37.73,39.38,"Micro-Nutrients, Potash"
Sandy Clay Loam,30.9,26.49,"DAP (Diammonium Phosphate), Nitrogen"
Sandy Clay Loam,33.82,29.59,"DAP (Diammonium Phosphate), Nitrogen"
Sandy Clay Loam,32.56,26.8,"DAP (Diammonium Phosphate), Nitrogen"
Sandy Clay Loam,27.94,29.64,"DAP (Diammonium Phosphate), Nitrogen"
Clay Loam,34.46,34.43,"Nitrogen, Potassium, Phosphorus"
Sandy Loam,15.61,12.7,"NPK (Nitrogen, Phosphorus, Potassium), Potash"
Clay Loam,31.56,33.67,"Nitrogen, Potassium, Phosphorus"
Sandy Clay Loam,32.01,27.37,"DAP (Diammonium Phosphate), Nitrogen"
Silty Clay Loam,38.58,21.09,"Potash, Nitrogen, Micro-Nutrients"
Silty Clay,34.28,34.43,"Micro-Nutrients, Potash"
Loam,22.5,18.58,"Compost, Nitrogen, Phosphorus"
Silt Loam,31.05,15.33,"Phosphorus, Nitrogen, Potash"
Silty Clay Loam,34.69,27.32,"Potash, Nitrogen, Micro-Nutrients"
Clay,33.69,38.94,"Urea, Potassium, Nitrogen"
Silt Loam,29.58,16.66,"Phosphorus, Nitrogen, Potash"
Silty Clay Loam,33.21,27.2,"Potash, Nitrogen, Micro-Nutrients"
Loamy Sand,10.8,9.6,"Organic Fertilizer, Nitrogen"
Clay Loam,39.87,25.99,"Nitrogen, Potassium, Phosphorus"
Clay Loam,37.56,25.87,"Nitrogen, Potassium, Phosphorus"
Loam,21.67,16.31,"Compost, Nitrogen, Phosphorus"
Clay,34.43,42.0,"Urea, Potassium, Nitrogen"
Sandy Clay Loam,25.36,27.74,"DAP (Diammonium Phosphate), Nitrogen"
Loam,22.45,13.13,"Compost, Nitrogen, Phosphorus"
Sandy Loam,22.18,13.8,"NPK (Nitrogen, Phosphorus, Potassium), Potash"
Clay Loam,39.83,26.55,"Nitrogen, Potassium, Phosphorus"
Sand,6.04,3.86,"Nitrogen, Potassium"
Sandy Loam,17.04,14.4,"NPK (Nitrogen, Phosphorus, Potassium), Potash"
Silty Clay,37.42,37.41,"Micro-Nutrients, Potash"
Clay Loam,34.64,29.25,"Nitrogen, Potassium, Phosphorus"
Sandy Loam,23.67,14.93,"NPK (Nitrogen, Phosphorus, Potassium), Potash"
Sandy Loam,23.54,13.94,"NPK (Nitrogen, Phosphorus, Potassium), Potash"
Clay Loam,31.02,30.36,"Nitrogen, Potassium, Phosphorus"
Silty Clay Loam,36.68,25.86,"Potash, Nitrogen, Micro-Nutrients"
Silty Clay,31.68,34.12,"Micro-Nutrients, Potash"
Clay,29.17,39.17,"Urea, Potassium, Nitrogen"
Sand,7.54,6.29,"Nitrogen, Potassium"
Loam,27.3,17.85,"Compost, Nitrogen, Phosphorus"
Clay,34.93,39.44,"Urea, Potassium, Nitrogen"
Sand,8.96,6.58,"Nitrogen, Potassium"
Loamy Sand,19.3,5.91,"Organic Fertilizer, Nitrogen"
Silty Clay,33.6,35.24,"Micro-Nutrients, Potash"
Silty Clay Loam,31.03,29.66,"Potash, Nitrogen, Micro-Nutrients"
Silty Clay,33.07,30.31,"Micro-Nutrients, Potash"
Sandy Clay Loam,31.72,32.65,"DAP (Diammonium Phosphate), Nitrogen"
Sand,8.22,6.12,"Nitrogen, Potassium"
Sandy Loam,18.1,10.27,"NPK (Nitrogen, Phosphorus, Potassium), Potash"
Silt Loam,32.76,23.7,"Phosphorus, Nitrogen, Potash"
Silty Clay Loam,33.89,27.01,"Potash, Nitrogen, Micro-Nutrients"
Sandy Clay Loam,29.09,32.25,"DAP (Diammonium Phosphate), Nitrogen"
Clay Loam,38.92,30.78,"Nitrogen, Potassium, Phosphorus"
Clay,33.18,49.74,"Urea, Potassium, Nitrogen"
Sandy Clay Loam,28.19,31.23,"DAP (Diammonium Phosphate), Nitrogen"
Sandy Loam,22.96,10.28,"NPK (Nitrogen, Phosphorus, Potassium), Potash"
Silty Clay Loam,31.16,24.63,"Potash, Nitrogen, Micro-Nutrients"
Loam,22.95,13.41,"Compost, Nitrogen, Phosphorus"
Clay Loam,32.93,29.19,"Nitrogen, Potassium, Phosphorus"
Loam,29.47,14.14,"Compost, Nitrogen, Phosphorus"
Silty Clay Loam,39.52,25.53,"Potash, Nitrogen, Micro-Nutrients"
Sand,7.48,3.21,"Nitrogen, Potassium"
Sandy Loam,16.48,14.51,"NPK (Nitrogen, Phosphorus, Potassium), Potash"
Silty Clay,31.06,34.11,"Micro-Nutrients, Potash"
Silty Clay,32.5,31.53,"Micro-Nutrients, Potash"
Silty Clay,30.81,31.41,"Micro-Nutrients, Potash"
Loam,25.31,15.73,"Compost, Nitrogen, Phosphorus"
Silt Loam,33.59,24.4,"Phosphorus, Nitrogen, Potash"
Sandy Loam,16.06,10.94,"NPK (Nitrogen, Phosphorus, Potassium), Potash"
Sand,11.07,5.15,"Nitrogen, Potassium"
Loam,24.06,15.1,"Compost, Nitrogen, Phosphorus"
Clay Loam,39.03,31.62,"Nitrogen, Potassium, Phosphorus"
Loamy Sand,15.07,7.31,"Organic Fertilizer, Nitrogen"
Silty Clay,39.16,31.08,"Micro-Nutrients, Potash"
Silty Clay,32.38,36.76,"Micro-Nutrients, Potash"
Silty Clay Loam,32.74,28.46,"Potash, Nitrogen, Micro-Nutrients"
Silty Clay,30.9,32.74,"Micro-Nutrients, Potash"
Silty Clay,30.85,32.2,"Micro-Nutrients, Potash"
Loam,27.09,15.95,"Compost, Nitrogen, Phosphorus"
Silty Clay,37.14,30.44,"Micro-Nutrients, Potash"
Silt Loam,25.13,21.76,"Phosphorus, Nitrogen, Potash"
Sandy Clay Loam,30.85,30.13,"DAP (Diammonium Phosphate), Nitrogen"
Silty Clay Loam,30.37,24.5,"Potash, Nitrogen, Micro-Nutrients"
Silty Clay,37.8,34.47,"Micro-Nutrients, Potash"
Silty Clay Loam,30.77,20.61,"Potash, Nitrogen, Micro-Nutrients"
Sand,14.34,2.64,"Nitrogen, Potassium"
Silty Clay,35.13,35.09,"Micro-Nutrients, Potash"
Clay Loam,31.18,33.41,"Nitrogen, Potassium, Phosphorus"
Silty Clay,37.05,34.57,"Micro-Nutrients, Potash"
Loamy Sand,10.87,7.86,"Organic Fertilizer, Nitrogen"
Silty Clay,33.31,34.44,"Micro-Nutrients, Potash"
Silty Clay,38.64,36.6,"Micro-Nutrients, Potash"
Clay Loam,38.33,33.28,"Nitrogen, Potassium, Phosphorus"
Sandy Clay Loam,30.52,32.43,"DAP (Diammonium Phosphate), Nitrogen"
Silt Loam,32.46,23.71,"Phosphorus, Nitrogen, Potash"
Clay,30.15,41.37,"Urea, Potassium, Nitrogen"
Sandy Clay Loam,32.69,26.83,"DAP (Diammonium Phosphate), Nitrogen"
Sand,12.84,2.16,"Nitrogen, Potassium"
Silt Loam,34.53,16.43,"Phosphorus, Nitrogen, Potash"
Loamy Sand,14.76,6.96,"Organic Fertilizer, Nitrogen"
Clay,29.97,38.82,"Urea, Potassium, Nitrogen"
Clay,33.91,42.97,"Urea, Potassium, Nitrogen"
Silt Loam,33.45,15.6,"Phosphorus, Nitrogen, Potash"
Sand,10.08,7.05,"Nitrogen, Potassium"
Silty Clay Loam,36.44,26.29,"Potash, Nitrogen, Micro-Nutrients"
Sandy Clay Loam,25.53,31.64,"DAP (Diammonium Phosphate), Nitrogen"
Silty Clay Loam,30.93,24.99,"Potash, Nitrogen, Micro-Nutrients"
Loam,22.83,13.09,"Compost, Nitrogen, Phosphorus"
Loam,29.46,15.49,"Compost, Nitrogen, Phosphorus"
Loamy Sand,16.9,9.13,"Organic Fertilizer, Nitrogen"
Silt Loam,31.45,19.24,"Phosphorus, Nitrogen, Potash"
Loam,22.98,15.6,"Compost, Nitrogen, Phosphorus"
Silt Loam,34.47,24.02,"Phosphorus, Nitrogen, Potash"
Silty Clay Loam,38.08,20.76,"Potash, Nitrogen, Micro-Nutrients"
Silt Loam,27.86,16.79,"Phosphorus, Nitrogen, Potash"
Silty Clay Loam,34.83,23.96,"Potash, Nitrogen, Micro-Nutrients"
Silty Clay Loam,33.03,28.51,"Potash, Nitrogen, Micro-Nutrients"
Sandy Clay Loam,29.83,31.84,"DAP (Diammonium Phosphate), Nitrogen"
Sandy Clay Loam,34.16,25.2,"DAP (Diammonium Phosphate), Nitrogen"
Sandy Loam,17.78,10.68,"NPK (Nitrogen, Phosphorus, Potassium), Potash"
Clay,31.64,35.94,"Urea, Potassium, Nitrogen"
Clay Loam,31.26,31.08,"Nitrogen, Potassium, Phosphorus"
Silty Clay Loam,32.7,25.01,"Potash, Nitrogen, Micro-Nutrients"
Sandy Loam,23.43,10.45,"NPK (Nitrogen, Phosphorus, Potassium), Potash"
Sandy Clay Loam,34.58,32.42,"DAP (Diammonium Phosphate), Nitrogen"
Clay Loam,30.28,26.04,"Nitrogen, Potassium, Phosphorus"
Silty Clay,36.45,35.36,"Micro-Nutrients, Potash"
Loamy Sand,18.77,7.03,"Organic Fertilizer, Nitrogen"
Sand,11.31,6.94,"Nitrogen, Potassium"
Sandy Clay Loam,29.7,31.81,"DAP (Diammonium Phosphate), Nitrogen"
Silty Clay,37.63,36.49,"Micro-Nutrients, Potash"
Clay,28.12,38.28,"Urea, Potassium, Nitrogen"
Clay,31.83,36.38,"Urea, Potassium, Nitrogen"
Loam,20.8,12.92,"Compost, Nitrogen, Phosphorus"
Loam,26.38,16.89,"Compost, Nitrogen, Phosphorus"
Silty Clay Loam,30.57,23.19,"Potash, Nitrogen, Micro-Nutrients"
Silty Clay Loam,30.49,25.2,"Potash, Nitrogen, Micro-Nutrients"
Clay Loam,31.55,26.44,"Nitrogen, Potassium, Phosphorus"
Clay,26.18,49.14,"Urea, Potassium, Nitrogen"
Clay Loam,38.22,32.59,"Nitrogen, Potassium, Phosphorus"
Clay,33.02,45.65,"Urea, Potassium, Nitrogen"
Silty Clay,31.6,37.85,"Micro-Nutrients, Potash"
Loamy Sand,11.44,8.35,"Organic Fertilizer, Nitrogen"
Clay,30.73,39.14,"Urea, Potassium, Nitrogen"
Silt Loam,32.78,18.5,"Phosphorus, Nitrogen, Potash"
Loam,23.31,17.01,"Compost, Nitrogen, Phosphorus"
Silty Clay,39.34,34.41,"Micro-Nutrients, Potash"
Clay,29.06,49.21,"Urea, Potassium, Nitrogen"
Silt Loam,33.12,23.63,"Phosphorus, Nitrogen, Potash"
Silty Clay Loam,37.12,20.91,"Potash, Nitrogen, Micro-Nutrients"
Silty Clay Loam,38.0,20.26,"Potash, Nitrogen, Micro-Nutrients"
Silt Loam,29.18,22.47,"Phosphorus, Nitrogen, Potash"
Silty Clay Loam,35.55,25.26,"Potash, Nitrogen, Micro-Nutrients"
Silt Loam,26.65,20.12,"Phosphorus, Nitrogen, Potash"
Silty Clay,38.92,31.9,"Micro-Nutrients, Potash"
Loamy Sand,14.69,6.79,"Organic Fertilizer, Nitrogen"
Sand,13.3,5.18,"Nitrogen, Potassium"
Clay Loam,32.98,25.18,"Nitrogen, Potassium, Phosphorus"
Clay,26.81,40.91,"Urea, Potassium, Nitrogen"
Sandy Clay Loam,27.65,27.92,"DAP (Diammonium Phosphate), Nitrogen"
Loamy Sand,16.19,5.08,"Organic Fertilizer, Nitrogen"
Clay,33.3,47.42,"Urea, Potassium, Nitrogen"
Clay Loam,34.96,25.98,"Nitrogen, Potassium, Phosphorus"
Sandy Loam,19.37,13.21,"NPK (Nitrogen, Phosphorus, Potassium), Potash"
Clay,26.72,42.37,"Urea, Potassium, Nitrogen"
Clay Loam,37.75,27.9,"Nitrogen, Potassium, Phosphorus"
Silty Clay,31.98,34.61,"Micro-Nutrients, Potash"
Silty Clay Loam,30.3,20.56,"Potash, Nitrogen, Micro-Nutrients"
Clay,28.39,41.57,"Urea, Potassium, Nitrogen"
Clay,29.51,39.9,"Urea, Potassium, Nitrogen"
Clay Loam,34.48,31.61,"Nitrogen, Potassium, Phosphorus"
Clay Loam,37.07,32.75,"Nitrogen, Potassium, Phosphorus"
Silty Clay,31.16,32.05,"Micro-Nutrients, Potash"
Loam,27.96,17.69,"Compost, Nitrogen, Phosphorus"
Sandy Loam,17.98,10.55,"NPK (Nitrogen, Phosphorus, Potassium), Potash"
Clay,27.57,45.93,"Urea, Potassium, Nitrogen"
Silty Clay Loam,33.7,21.26,"Potash, Nitrogen, Micro-Nutrients"
Silty Clay,37.8,39.65,"Micro-Nutrients, Potash"
Silty Clay,37.12,35.83,"Micro-Nutrients, Potash"
Sandy Loam,21.69,11.61,"NPK (Nitrogen, Phosphorus, Potassium), Potash"
Silty Clay Loam,35.42,23.76,"Potash, Nitrogen, Micro-Nutrients"
Silty Clay Loam,34.05,25.81,"Potash, Nitrogen, Micro-Nutrients"
Sand,5.01,3.27,"Nitrogen, Potassium"
Sandy Loam,22.76,11.23,"NPK (Nitrogen, Phosphorus, Potassium), Potash"
Loam,23.85,13.0,"Compost, Nitrogen, Phosphorus"
Sandy Loam,24.58,12.22,"NPK (Nitrogen, Phosphorus, Potassium), Potash"
Silty Clay Loam,31.22,27.52,"Potash, Nitrogen, Micro-Nutrients"
Sandy Loam,20.43,14.54,"NPK (Nitrogen, Phosphorus, Potassium), Potash"
Silty Clay,36.9,38.04,"Micro-Nutrients, Potash"
Loam,25.67,12.73,"Compost, Nitrogen, Phosphorus"
Silty Clay Loam,32.71,23.68,"Potash, Nitrogen, Micro-Nutrients"
Loamy Sand,10.28,8.22,"Organic Fertilizer, Nitrogen"
Loamy Sand,19.97,6.31,"Organic Fertilizer, Nitrogen"
Silty Clay,36.05,30.04,"Micro-Nutrients, Potash"
Loam,28.7,19.64,"Compost, Nitrogen, Phosphorus"
Silt Loam,34.2,17.48,"Phosphorus, Nitrogen, Potash"
Clay,26.89,46.69,"Urea, Potassium, Nitrogen"
Loamy Sand,15.21,8.08,"Organic Fertilizer, Nitrogen"
Sandy Loam,17.07,14.88,"NPK (Nitrogen, Phosphorus, Potassium), Potash"
Silt Loam,25.2,21.37,"Phosphorus, Nitrogen, Potash"
Silt Loam,28.49,20.47,"Phosphorus, Nitrogen, Potash"
Silty Clay Loam,37.82,20.28,"Potash, Nitrogen, Micro-Nutrients"
Silty Clay,30.21,35.66,"Micro-Nutrients, Potash"
Sandy Clay Loam,29.5,31.35,"DAP (Diammonium Phosphate), Nitrogen"
Silt Loam,26.0,22.79,"Phosphorus, Nitrogen, Potash"
Sand,13.09,7.53,"Nitrogen, Potassium"
Sandy Loam,19.52,12.23,"NPK (Nitrogen, Phosphorus, Potassium), Potash"
Silt Loam,26.72,16.25,"Phosphorus, Nitrogen, Potash"
Sand,14.88,4.56,"Nitrogen, Potassium"
Loamy Sand,17.36,6.01,"Organic Fertilizer, Nitrogen"
Clay,32.31,48.52,"Urea, Potassium, Nitrogen"
Loamy Sand,13.11,6.11,"Organic Fertilizer, Nitrogen"
Sand,9.32,4.55,"Nitrogen, Potassium"
Sandy Loam,18.93,13.83,"NPK (Nitrogen, Phosphorus, Potassium), Potash"
Sandy Loam,22.54,11.68,"NPK (Nitrogen, Phosphorus, Potassium), Potash"
Sandy Loam,22.87,13.32,"NPK (Nitrogen, Phosphorus, Potassium), Potash"
Silt Loam,30.44,24.11,"Phosphorus, Nitrogen, Potash"
Sand,8.15,1.33,"Nitrogen, Potassium"
Clay,29.43,43.84,"Urea, Potassium, Nitrogen"
Clay,28.08,42.41,"Urea, Potassium, Nitrogen"
Loam,20.46,12.13,"Compost, Nitrogen, Phosphorus"
Sand,5.43,6.4,"Nitrogen, Potassium"
Loam,20.77,13.54,"Compost, Nitrogen, Phosphorus"
Sandy Clay Loam,26.13,33.89,"DAP (Diammonium Phosphate), Nitrogen"
Clay,28.81,46.92,"Urea, Potassium, Nitrogen"
Clay Loam,35.92,25.9,"Nitrogen, Potassium, Phosphorus"
Sand,8.3,5.25,"Nitrogen, Potassium"
Loamy Sand,18.73,5.4,"Organic Fertilizer, Nitrogen"
Sandy Loam,20.56,13.66,"NPK (Nitrogen, Phosphorus, Potassium), Potash"
Sand,6.49,5.64,"Nitrogen, Potassium"
Loamy Sand,16.35,7.67,"Organic Fertilizer, Nitrogen"
Sandy Loam,15.26,11.19,"NPK (Nitrogen, Phosphorus, Potassium), Potash"
Silty Clay,37.25,31.24,"Micro-Nutrients, Potash"
Sand,8.75,2.0,"Nitrogen, Potassium"
Silt Loam,25.56,24.33,"Phosphorus, Nitrogen, Potash"
Loam,25.19,16.98,"Compost, Nitrogen, Phosphorus"
Silt Loam,29.66,16.77,"Phosphorus, Nitrogen, Potash"
Silty Clay Loam,38.22,22.47,"Potash, Nitrogen, Micro-Nutrients"
Sandy Loam,18.24,11.57,"NPK (Nitrogen, Phosphorus, Potassium), Potash"
Loamy Sand,17.54,6.02,"Organic Fertilizer, Nitrogen"
Sandy Clay Loam,34.49,30.24,"DAP (Diammonium Phosphate), Nitrogen"
Sand,14.52,2.49,"Nitrogen, Potassium"
Loamy Sand,12.53,7.46,"Organic Fertilizer, Nitrogen"
Sandy Clay Loam,32.04,29.07,"DAP (Diammonium Phosphate), Nitrogen"
Silt Loam,33.13,20.46,"Phosphorus, Nitrogen, Potash"
Sandy Clay Loam,34.3,28.72,"DAP (Diammonium Phosphate), Nitrogen"
Clay,30.41,36.56,"Urea, Potassium, Nitrogen"
Silty Clay Loam,32.13,27.88,"Potash, Nitrogen, Micro-Nutrients"
Silty Clay,36.9,31.79,"Micro-Nutrients, Potash"
Silty Clay,32.06,33.78,"Micro-Nutrients, Potash"
Clay Loam,33.74,32.81,"Nitrogen, Potassium, Phosphorus"
Silty Clay,34.42,39.36,"Micro-Nutrients, Potash"
Loamy Sand,10.61,7.67,"Organic Fertilizer, Nitrogen"
Clay,27.13,43.21,"Urea, Potassium, Nitrogen"
Clay Loam,31.69,34.36,"Nitrogen, Potassium, Phosphorus"
Clay,34.78,37.95,"Urea, Potassium, Nitrogen"
Loam,21.0,19.01,"Compost, Nitrogen, Phosphorus"
Loam,23.73,16.75,"Compost, Nitrogen, Phosphorus"
Sandy Clay Loam,34.66,27.8,"DAP (Diammonium Phosphate), Nitrogen"
Silty Clay Loam,38.4,26.1,"Potash, Nitrogen, Micro-Nutrients"
Sandy Clay Loam,32.18,31.18,"DAP (Diammonium Phosphate), Nitrogen"
Silt Loam,26.87,15.5,"Phosphorus, Nitrogen, Potash"
Loam,28.16,18.27,"Compost, Nitrogen, Phosphorus"
Sand,9.41,7.28,"Nitrogen, Potassium"
Loamy Sand,12.85,6.16,"Organic Fertilizer, Nitrogen"
Clay,25.95,42.13,"Urea, Potassium, Nitrogen"
Clay Loam,32.31,26.7,"Nitrogen, Potassium, Phosphorus"
Sand,14.4,7.93,"Nitrogen, Potassium"
Silty Clay,33.39,39.33,"Micro-Nutrients, Potash"
Silt Loam,27.15,20.66,"Phosphorus, Nitrogen, Potash"
Loamy Sand,19.9,7.15,"Organic Fertilizer, Nitrogen"
Loamy Sand,15.11,9.24,"Organic Fertilizer, Nitrogen"
Sandy Clay Loam,32.24,31.85,"DAP (Diammonium Phosphate), Nitrogen"
Clay,30.63,46.01,"Urea, Potassium, Nitrogen"
Silty Clay,37.7,33.77,"Micro-Nutrients, Potash"
Clay,34.62,46.64,"Urea, Potassium, Nitrogen"
Silty Clay Loam,32.59,29.88,"Potash, Nitrogen, Micro-Nutrients"
Sandy Loam,20.23,14.4,"NPK (Nitrogen, Phosphorus, Potassium), Potash"
Sandy Clay Loam,26.52,27.99,"DAP (Diammonium Phosphate), Nitrogen"
Sandy Loam,23.22,13.12,"NPK (Nitrogen, Phosphorus, Potassium), Potash"
Loamy Sand,19.19,5.96,"Organic Fertilizer, Nitrogen"
Sandy Loam,19.35,12.54,"NPK (Nitrogen, Phosphorus, Potassium), Potash"
Loamy Sand,14.34,8.96,"Organic Fertilizer, Nitrogen"
Clay Loam,30.61,26.58,"Nitrogen, Potassium, Phosphorus"
Clay Loam,36.94,26.71,"Nitrogen, Potassium, Phosphorus"
Loamy Sand,17.9,9.07,"Organic Fertilizer, Nitrogen"
Silt Loam,28.26,19.94,"Phosphorus, Nitrogen, Potash"
Sandy Clay Loam,32.35,32.24,"DAP (Diammonium Phosphate), Nitrogen"
Silty Clay,37.27,35.25,"Micro-Nutrients, Potash"
Silty Clay Loam,38.47,20.5,"Potash, Nitrogen, Micro-Nutrients"
Sandy Clay Loam,26.96,34.17,"DAP (Diammonium Phosphate), Nitrogen"
Sandy Clay Loam,29.56,32.15,"DAP (Diammonium Phosphate), Nitrogen"
Sand,14.46,4.47,"Nitrogen, Potassium"
Sand,12.6,3.1,"Nitrogen, Potassium"
Sand,11.02,3.96,"Nitrogen, Potassium"
Sandy Loam,21.06,14.38,"NPK (Nitrogen, Phosphorus, Potassium), Potash"
Sandy Clay Loam,29.51,28.73,"DAP (Diammonium Phosphate), Nitrogen"
Silty Clay Loam,33.24,27.18,"Potash, Nitrogen, Micro-Nutrients"
Silty Clay,37.55,33.12,"Micro-Nutrients, Potash"
Silt Loam,26.06,24.46,"Phosphorus, Nitrogen, Potash"
Silt Loam,31.3,24.09,"Phosphorus, Nitrogen, Potash"
Clay Loam,32.05,32.58,"Nitrogen, Potassium, Phosphorus"
Silty Clay Loam,37.97,26.67,"Potash, Nitrogen, Micro-Nutrients"
Silty Clay,35.22,33.28,"Micro-Nutrients, Potash"
Silt Loam,32.01,17.7,"Phosphorus, Nitrogen, Potash"
Clay Loam,34.04,29.08,"Nitrogen, Potassium, Phosphorus"
Loamy Sand,15.88,8.04,"Organic Fertilizer, Nitrogen"
Silty Clay,36.41,38.31,"Micro-Nutrients, Potash"
Loamy Sand,18.26,6.3,"Organic Fertilizer, Nitrogen"
Loam,25.99,18.43,"Compost, Nitrogen, Phosphorus"
Silty Clay,35.21,30.25,"Micro-Nutrients, Potash"
Silty Clay Loam,37.89,25.87,"Potash, Nitrogen, Micro-Nutrients"
Sandy Clay Loam,31.43,33.12,"DAP (Diammonium Phosphate), Nitrogen"
Sandy Loam,24.32,13.75,"NPK (Nitrogen, Phosphorus, Potassium), Potash"
Sandy Clay Loam,30.26,31.87,"DAP (Diammonium Phosphate), Nitrogen"
Loamy Sand,19.28,9.85,"Organic Fertilizer, Nitrogen"
Sandy Clay Loam,25.81,34.24,"DAP (Diammonium Phosphate), Nitrogen"
Sandy Loam,21.62,14.45,"NPK (Nitrogen, Phosphorus, Potassium), Potash"
Silt Loam,30.27,18.26,"Phosphorus, Nitrogen, Potash"
Silty Clay Loam,38.02,28.83,"Potash, Nitrogen, Micro-Nutrients"
Clay Loam,37.4,28.41,"Nitrogen, Potassium, Phosphorus"
Sandy Clay Loam,32.76,32.79,"DAP (Diammonium Phosphate), Nitrogen"
Silt Loam,28.26,18.23,"Phosphorus, Nitrogen, Potash"
Clay Loam,33.23,32.74,"Nitrogen, Potassium, Phosphorus"
Sandy Loam,23.1,10.6,"NPK (Nitrogen, Phosphorus, Potassium), Potash"
Clay Loam,35.67,27.59,"Nitrogen, Potassium, Phosphorus"
Sandy Loam,22.88,14.55,"NPK (Nitrogen, Phosphorus, Potassium), Potash"
Sandy Clay Loam,29.74,28.01,"DAP (Diammonium Phosphate), Nitrogen"
Silty Clay Loam,37.37,27.92,"Potash, Nitrogen, Micro-Nutrients"
Sandy Clay Loam,26.35,34.95,"DAP (Diammonium Phosphate), Nitrogen"
Silty Clay,33.14,36.79,"Micro-Nutrients, Potash"
Silty Clay,38.46,36.4,"Micro-Nutrients, Potash"
Clay,32.62,37.05,"Urea, Potassium, Nitrogen"
Clay Loam,38.9,29.37,"Nitrogen, Potassium, Phosphorus"
Silt Loam,27.46,22.35,"Phosphorus, Nitrogen, Potash"
Sandy Clay Loam,26.65,32.23,"DAP (Diammonium Phosphate), Nitrogen"
Sandy Clay Loam,34.44,30.02,"DAP (Diammonium Phosphate), Nitrogen"
Loam,26.11,13.45,"Compost, Nitrogen, Phosphorus"
Loamy Sand,18.04,8.19,"Organic Fertilizer, Nitrogen"
Silty Clay,37.94,34.55,"Micro-Nutrients, Potash"
Sand,7.86,7.92,"Nitrogen, Potassium"
Silty Clay,35.79,33.34,"Micro-Nutrients, Potash"
Clay Loam,34.6,28.21,"Nitrogen, Potassium, Phosphorus"
Sand,8.32,6.9,"Nitrogen, Potassium"
Silty Clay,37.18,30.21,"Micro-Nutrients, Potash"
Clay Loam,33.83,27.25,"Nitrogen, Potassium, Phosphorus"
Clay Loam,37.72,31.78,"Nitrogen, Potassium, Phosphorus"
Clay Loam,35.1,30.58,"Nitrogen, Potassium, Phosphorus"
Loam,29.1,18.26,"Compost, Nitrogen, Phosphorus"
Sandy Loam,17.26,14.31,"NPK (Nitrogen, Phosphorus, Potassium), Potash"
Clay,33.22,36.84,"Urea, Potassium, Nitrogen"
Sandy Clay Loam,30.86,25.07,"DAP (Diammonium Phosphate), Nitrogen"
Silt Loam,27.22,22.97,"Phosphorus, Nitrogen, Potash"
Clay Loam,38.08,27.19,"Nitrogen, Potassium, Phosphorus"
Sand,10.19,7.06,"Nitrogen, Potassium"
Silty Clay,36.25,38.35,"Micro-Nutrients, Potash"
Loam,22.03,15.87,"Compost, Nitrogen, Phosphorus"
Loam,23.36,17.47,"Compost, Nitrogen, Phosphorus"
Sandy Loam,18.08,10.1,"NPK (Nitrogen, Phosphorus, Potassium), Potash"
Silt Loam,30.34,20.79,"Phosphorus, Nitrogen, Potash"
Sand,6.59,6.65,"Nitrogen, Potassium"
Silt Loam,32.57,16.31,"Phosphorus, Nitrogen, Potash"
Clay,25.82,35.21,"Urea, Potassium, Nitrogen"
Loam,28.8,15.46,"Compost, Nitrogen, Phosphorus"
Sand,6.66,5.09,"Nitrogen, Potassium"
Loamy Sand,13.12,7.51,"Organic Fertilizer, Nitrogen"
Sandy Loam,19.53,12.71,"NPK (Nitrogen, Phosphorus, Potassium), Potash"
Sand,12.86,3.66,"Nitrogen, Potassium"
Loam,29.05,16.78,"Compost, Nitrogen, Phosphorus"
Clay,26.41,48.04,"Urea, Potassium, Nitrogen"
Clay,32.27,39.98,"Urea, Potassium, Nitrogen"
Silt Loam,32.36,18.43,"Phosphorus, Nitrogen, Potash"
Silt Loam,31.95,16.4,"Phosphorus, Nitrogen, Potash"
Sandy Clay Loam,31.41,30.73,"DAP (Diammonium Phosphate), Nitrogen"
Sand,9.44,4.35,"Nitrogen, Potassium"
Silty Clay Loam,34.24,28.48,"Potash, Nitrogen, Micro-Nutrients"
Loam,28.42,14.18,"Compost, Nitrogen, Phosphorus"
Silt Loam,29.98,17.81,"Phosphorus, Nitrogen, Potash"
Sandy Clay Loam,32.04,27.38,"DAP (Diammonium Phosphate), Nitrogen"
Sandy Clay Loam,26.99,34.82,"DAP (Diammonium Phosphate), Nitrogen"
Loam,22.24,17.86,"Compost, Nitrogen, Phosphorus"
Clay,30.09,37.7,"Urea, Potassium, Nitrogen"
Silt Loam,32.57,18.46,"Phosphorus, Nitrogen, Potash"
Loamy Sand,15.89,6.68,"Organic Fertilizer, Nitrogen"
Clay,33.95,44.15,"Urea, Potassium, Nitrogen"
Silty Clay Loam,38.62,25.51,"Potash, Nitrogen, Micro-Nutrients"
Sandy Clay Loam,33.48,25.35,"DAP (Diammonium Phosphate), Nitrogen"
Silty Clay Loam,33.32,24.75,"Potash, Nitrogen, Micro-Nutrients"
Silt Loam,29.81,15.15,"Phosphorus, Nitrogen, Potash"
Silty Clay,31.56,36.13,"Micro-Nutrients, Potash"
Silt Loam,27.68,16.99,"Phosphorus, Nitrogen, Potash"
Sandy Loam,15.64,10.76,"NPK (Nitrogen, Phosphorus, Potassium), Potash"
Sandy Loam,24.34,13.44,"NPK (Nitrogen, Phosphorus, Potassium), Potash"
Clay Loam,33.01,29.0,"Nitrogen, Potassium, Phosphorus"
Loamy Sand,16.42,9.03,"Organic Fertilizer, Nitrogen"
Sandy Clay Loam,34.2,27.86,"DAP (Diammonium Phosphate), Nitrogen"
Silty Clay Loam,35.24,20.02,"Potash, Nitrogen, Micro-Nutrients"
Loam,21.3,17.27,"Compost, Nitrogen, Phosphorus"
Silty Clay,30.66,30.07,"Micro-Nutrients, Potash"
Loamy Sand,14.54,9.84,"Organic Fertilizer, Nitrogen"
Silt Loam,31.66,20.19,"Phosphorus, Nitrogen, Potash"
Silty Clay Loam,34.87,22.66,"Potash, Nitrogen, Micro-Nutrients"
Loam,25.58,16.06,"Compost, Nitrogen, Phosphorus"
Silt Loam,29.19,20.91,"Phosphorus, Nitrogen, Potash"
Loamy Sand,19.91,9.09,"Organic Fertilizer, Nitrogen"
Sandy Clay Loam,25.85,28.87,"DAP (Diammonium Phosphate), Nitrogen"
Loamy Sand,18.1,5.17,"Organic Fertilizer, Nitrogen"
Clay,30.73,39.35,"Urea, Potassium, Nitrogen"
Clay Loam,38.7,28.71,"Nitrogen, Potassium, Phosphorus"
Silty Clay,31.09,36.46,"Micro-Nutrients, Potash"
Loamy Sand,15.43,7.6,"Organic Fertilizer, Nitrogen"
Silty Clay,32.97,38.53,"Micro-Nutrients, Potash"
Loam,24.65,15.16,"Compost, Nitrogen, Phosphorus"
Loam,29.29,13.35,"Compost, Nitrogen, Phosphorus"
Sand,10.54,6.18,"Nitrogen, Potassium"
Loamy Sand,16.93,7.87,"Organic Fertilizer, Nitrogen"
Loam,22.83,14.93,"Compost, Nitrogen, Phosphorus"
Loamy Sand,14.33,8.64,"Organic Fertilizer, Nitrogen"
Silty Clay,39.98,34.36,"Micro-Nutrients, Potash"
Loamy Sand,11.45,9.91,"Organic Fertilizer, Nitrogen"
Sandy Clay Loam,27.1,25.66,"DAP (Diammonium Phosphate), Nitrogen"
Loam,23.08,16.81,"Compost, Nitrogen, Phosphorus"
Clay,31.77,36.96,"Urea, Potassium, Nitrogen"
Silty Clay Loam,37.69,25.39,"Potash, Nitrogen, Micro-Nutrients"
Clay Loam,30.34,34.88,"Nitrogen, Potassium, Phosphorus"
Sandy Clay Loam,34.52,30.17,"DAP (Diammonium Phosphate), Nitrogen"
Loamy Sand,10.88,9.65,"Organic Fertilizer, Nitrogen"
Silt Loam,34.95,19.91,"Phosphorus, Nitrogen, Potash"
Silty Clay Loam,37.92,20.68,"Potash, Nitrogen, Micro-Nutrients"
Clay,29.07,49.38,"Urea, Potassium, Nitrogen"
Sand,11.9,4.68,"Nitrogen, Potassium"
Clay Loam,30.08,29.95,"Nitrogen, Potassium, Phosphorus"
Clay,32.55,37.26,"Urea, Potassium, Nitrogen"
Sandy Loam,24.0,10.83,"NPK (Nitrogen, Phosphorus, Potassium), Potash"
Loamy Sand,17.33,6.35,"Organic Fertilizer, Nitrogen"
Sandy Loam,19.0,13.48,"NPK (Nitrogen, Phosphorus, Potassium), Potash"
Clay Loam,38.11,26.47,"Nitrogen, Potassium, Phosphorus"
Silty Clay Loam,37.05,21.02,"Potash, Nitrogen, Micro-Nutrients"
Clay,33.53,43.74,"Urea, Potassium, Nitrogen"
Loam,28.15,13.15,"Compost, Nitrogen, Phosphorus"
Clay,34.6,45.07,"Urea, Potassium, Nitrogen"
Sandy Loam,20.91,11.3,"NPK (Nitrogen, Phosphorus, Potassium), Potash"
Clay,27.25,43.64,"Urea, Potassium, Nitrogen"
Silty Clay Loam,31.16,24.81,"Potash, Nitrogen, Micro-Nutrients"
Sand,12.91,6.67,"Nitrogen, Potassium"
Sandy Clay Loam,28.93,27.78,"DAP (Diammonium Phosphate), Nitrogen"
Loamy Sand,17.61,6.78,"Organic Fertilizer, Nitrogen"
Clay,25.74,45.55,"Urea, Potassium, Nitrogen"
Silt Loam,30.59,24.68,"Phosphorus, Nitrogen, Potash"
Loamy Sand,12.22,9.11,"Organic Fertilizer, Nitrogen"
Silty Clay Loam,37.84,24.01,"Potash, Nitrogen, Micro-Nutrients"
Sand,5.97,4.16,"Nitrogen, Potassium"
Sandy Loam,15.26,14.75,"NPK (Nitrogen, Phosphorus, Potassium), Potash"
Loamy Sand,15.1,8.11,"Organic Fertilizer, Nitrogen"
Silt Loam,30.78,15.67,"Phosphorus, Nitrogen, Potash"
Clay Loam,31.38,33.91,"Nitrogen, Potassium, Phosphorus"
Silt Loam,34.54,15.89,"Phosphorus, Nitrogen, Potash"
Sandy Loam,21.63,13.59,"NPK (Nitrogen, Phosphorus, Potassium), Potash"
Loam,20.16,12.42,"Compost, Nitrogen, Phosphorus"
Sand,12.31,1.69,"Nitrogen, Potassium"
Clay Loam,37.08,28.04,"Nitrogen, Potassium, Phosphorus"
Clay Loam,34.58,33.87,"Nitrogen, Potassium, Phosphorus"
Clay,27.71,43.73,"Urea, Potassium, Nitrogen"
Sandy Clay Loam,32.4,33.7,"DAP (Diammonium Phosphate), Nitrogen"
Clay,30.36,39.95,"Urea, Potassium, Nitrogen"
Sandy Loam,15.4,12.81,"NPK (Nitrogen, Phosphorus, Potassium), Potash"
Sand,11.0,5.36,"Nitrogen, Potassium"
Sandy Clay Loam,34.47,30.48,"DAP (Diammonium Phosphate), Nitrogen"
Sandy Loam,20.78,13.39,"NPK (Nitrogen, Phosphorus, Potassium), Potash"
Sandy Clay Loam,33.68,30.4,"DAP (Diammonium Phosphate), Nitrogen"
Silty Clay Loam,35.39,27.57,"Potash, Nitrogen, Micro-Nutrients"
Clay Loam,38.21,29.0,"Nitrogen, Potassium, Phosphorus"
Loamy Sand,10.36,6.76,"Organic Fertilizer, Nitrogen"
Sandy Loam,21.16,14.51,"NPK (Nitrogen, Phosphorus, Potassium), Potash"
Sand,7.38,7.87,"Nitrogen, Potassium"
Sandy Loam,20.98,14.95,"NPK (Nitrogen, Phosphorus, Potassium), Potash"
Silty Clay,35.81,30.04,"Micro-Nutrients, Potash"
Sandy Loam,20.61,14.17,"NPK (Nitrogen, Phosphorus, Potassium), Potash"
Clay,33.12,49.27,"Urea, Potassium, Nitrogen"
Sandy Loam,23.23,12.63,"NPK (Nitrogen, Phosphorus, Potassium), Potash"
Loamy Sand,11.69,8.45,"Organic Fertilizer, Nitrogen"
Clay,27.84,49.01,"Urea, Potassium, Nitrogen"
Silty Clay,39.06,31.87,"Micro-Nutrients, Potash"
Clay Loam,30.45,28.49,"Nitrogen, Potassium, Phosphorus"
Silty Clay Loam,31.46,26.02,"Potash, Nitrogen, Micro-Nutrients"
Sandy Loam,24.46,14.63,"NPK (Nitrogen, Phosphorus, Potassium), Potash"
Silty Clay Loam,34.59,26.77,"Potash, Nitrogen, Micro-Nutrients"
Silty Clay,31.19,38.3,"Micro-Nutrients, Potash"
Loamy Sand,18.1,5.97,"Organic Fertilizer, Nitrogen"
Silt Loam,28.91,19.11,"Phosphorus, Nitrogen, Potash"
Loamy Sand,14.61,6.73,"Organic Fertilizer, Nitrogen"
Clay Loam,33.66,27.49,"Nitrogen, Potassium, Phosphorus"
Silty Clay Loam,35.77,25.21,"Potash, Nitrogen, Micro-Nutrients"
Loam,22.75,16.44,"Compost, Nitrogen, Phosphorus"
Silt Loam,29.23,16.3,"Phosphorus, Nitrogen, Potash"
Sandy Clay Loam,31.39,25.09,"DAP (Diammonium Phosphate), Nitrogen"
Sandy Clay Loam,32.06,30.48,"DAP (Diammonium Phosphate), Nitrogen"
Clay,27.76,39.58,"Urea, Potassium, Nitrogen"
Silty Clay,35.6,30.11,"Micro-Nutrients, Potash"
Sand,12.9,1.57,"Nitrogen, Potassium"
Loam,26.87,17.68,"Compost, Nitrogen, Phosphorus"
Loamy Sand,16.42,8.08,"Organic Fertilizer, Nitrogen"
Sandy Loam,20.47,14.21,"NPK (Nitrogen, Phosphorus, Potassium), Potash"
Silt Loam,29.32,22.09,"Phosphorus, Nitrogen, Potash"
Clay,32.55,41.16,"Urea, Potassium, Nitrogen"
Silt Loam,34.35,21.11,"Phosphorus, Nitrogen, Potash"
Silt Loam,28.38,22.38,"Phosphorus, Nitrogen, Potash"
Clay,31.3,43.11,"Urea, Potassium, Nitrogen"
Clay Loam,34.86,33.62,"Nitrogen, Potassium, Phosphorus"
Sand,5.73,4.74,"Nitrogen, Potassium"
Sandy Clay Loam,30.51,25.92,"DAP (Diammonium Phosphate), Nitrogen"
Clay Loam,32.55,26.57,"Nitrogen, Potassium, Phosphorus"
Clay Loam,38.56,34.69,"Nitrogen, Potassium, Phosphorus"
Sand,13.86,1.48,"Nitrogen, Potassium"
Sandy Clay Loam,25.23,32.06,"DAP (Diammonium Phosphate), Nitrogen"
Loam,22.88,19.17,"Compost, Nitrogen, Phosphorus"
Silt Loam,25.96,20.24,"Phosphorus, Nitrogen, Potash"
Silty Clay,37.95,39.45,"Micro-Nutrients, Potash"
Clay,33.81,35.33,"Urea, Potassium, Nitrogen"
Sand,14.3,3.67,"Nitrogen, Potassium"
Sandy Loam,18.73,10.18,"NPK (Nitrogen, Phosphorus, Potassium), Potash"
Clay,30.78,36.03,"Urea, Potassium, Nitrogen"
Sand,10.55,2.73,"Nitrogen, Potassium"
Loamy Sand,12.88,5.3,"Organic Fertilizer, Nitrogen"
Silty Clay Loam,39.42,20.53,"Potash, Nitrogen, Micro-Nutrients"
Loam,25.36,19.34,"Compost, Nitrogen, Phosphorus"
Loamy Sand,14.26,7.37,"Organic Fertilizer, Nitrogen"
Silty Clay Loam,31.5,23.04,"Potash, Nitrogen, Micro-Nutrients"
Silty Clay,39.43,38.14,"Micro-Nutrients, Potash"
Clay,33.38,45.7,"Urea, Potassium, Nitrogen"
Clay,34.8,44.0,"Urea, Potassium, Nitrogen"
Silty Clay Loam,33.96,28.86,"Potash, Nitrogen, Micro-Nutrients"
Loam,21.79,15.71,"Compost, Nitrogen, Phosphorus"
Sand,14.51,1.61,"Nitrogen, Potassium"
Silty Clay Loam,37.25,26.69,"Potash, Nitrogen, Micro-Nutrients"
Silty Clay,31.69,39.57,"Micro-Nutrients, Potash"
Clay,30.84,47.99,"Urea, Potassium, Nitrogen"
Silty Clay,32.08,36.75,"Micro-Nutrients, Potash"
Silty Clay,30.72,34.54,"Micro-Nutrients, Potash"
Sandy Clay Loam,29.73,32.3,"DAP (Diammonium Phosphate), Nitrogen"
Silty Clay,33.34,33.93,"Micro-Nutrients, Potash"
Loam,28.91,15.07,"Compost, Nitrogen, Phosphorus"
Loamy Sand,17.0,7.81,"Organic Fertilizer, Nitrogen"
Loamy Sand,10.94,7.83,"Organic Fertilizer, Nitrogen"
Loam,20.25,14.23,"Compost, Nitrogen, Phosphorus"
Clay,32.38,45.48,"Urea, Potassium, Nitrogen"
Silt Loam,27.59,18.58,"Phosphorus, Nitrogen, Potash"
Sand,11.95,7.62,"Nitrogen, Potassium"
Loam,25.6,19.68,"Compost, Nitrogen, Phosphorus"
Loam,23.65,17.95,"Compost, Nitrogen, Phosphorus"
Silty Clay,30.81,36.12,"Micro-Nutrients, Potash"
Silt Loam,28.69,20.63,"Phosphorus, Nitrogen, Potash"
Sandy Loam,19.69,14.99,"NPK (Nitrogen, Phosphorus, Potassium), Potash"
Silty Clay,39.77,30.73,"Micro-Nutrients, Potash"
Sand,5.47,7.7,"Nitrogen, Potassium"
Silt Loam,27.05,20.77,"Phosphorus, Nitrogen, Potash"
Clay,30.14,38.14,"Urea, Potassium, Nitrogen"
Loamy Sand,11.27,9.11,"Organic Fertilizer, Nitrogen"
Sand,7.61,2.61,"Nitrogen, Potassium"
Loam,29.64,18.35,"Compost, Nitrogen, Phosphorus"
Clay Loam,37.28,32.44,"Nitrogen, Potassium, Phosphorus"
Sand,12.47,7.51,"Nitrogen, Potassium"
Silty Clay,39.04,35.19,"Micro-Nutrients, Potash"
Loamy Sand,19.68,9.96,"Organic Fertilizer, Nitrogen"
Loamy Sand,15.33,6.27,"Organic Fertilizer, Nitrogen"
Silty Clay,35.8,30.57,"Micro-Nutrients, Potash"
Clay Loam,37.74,33.97,"Nitrogen, Potassium, Phosphorus"
Silt Loam,29.86,16.96,"Phosphorus, Nitrogen, Potash"
Silty Clay,33.56,38.24,"Micro-Nutrients, Potash"
Silt Loam,27.48,21.74,"Phosphorus, Nitrogen, Potash"
Silty Clay,30.32,35.81,"Micro-Nutrients, Potash"
Silty Clay Loam,34.93,24.02,"Potash, Nitrogen, Micro-Nutrients"
Loam,29.47,12.94,"Compost, Nitrogen, Phosphorus"
Sandy Loam,18.88,12.33,"NPK (Nitrogen, Phosphorus, Potassium), Potash"
Sandy Loam,21.81,10.81,"NPK (Nitrogen, Phosphorus, Potassium), Potash"
Silty Clay,31.26,34.25,"Micro-Nutrients, Potash"
Loamy Sand,16.58,8.7,"Organic Fertilizer, Nitrogen"
Sandy Loam,20.58,13.74,"NPK (Nitrogen, Phosphorus, Potassium), Potash"
Sand,10.51,6.98,"Nitrogen, Potassium"
Silty Clay,36.63,30.32,"Micro-Nutrients, Potash"
Sandy Clay Loam,28.35,31.05,"DAP (Diammonium Phosphate), Nitrogen"
Silty Clay Loam,32.67,20.77,"Potash, Nitrogen, Micro-Nutrients"
Silty Clay,38.22,30.65,"Micro-Nutrients, Potash"
Sandy Clay Loam,27.82,26.34,"DAP (Diammonium Phosphate), Nitrogen"
Clay,32.94,37.97,"Urea, Potassium, Nitrogen"
Clay Loam,32.25,29.8,"Nitrogen, Potassium, Phosphorus"
Sandy Loam,19.74,11.63,"NPK (Nitrogen, Phosphorus, Potassium), Potash"
Silty Clay Loam,34.43,24.42,"Potash, Nitrogen, Micro-Nutrients"
Loamy Sand,19.45,9.55,"Organic Fertilizer, Nitrogen"
Sandy Loam,22.5,12.98,"NPK (Nitrogen, Phosphorus, Potassium), Potash"
Loam,25.24,17.96,"Compost, Nitrogen, Phosphorus"
Silty Clay Loam,34.69,23.07,"Potash, Nitrogen, Micro-Nutrients"
Sand,13.17,6.32,"Nitrogen, Potassium"
Loam,27.54,17.41,"Compost, Nitrogen, Phosphorus"
Clay Loam,39.87,26.17,"Nitrogen, Potassium, Phosphorus"
Sand,6.15,2.8,"Nitrogen, Potassium"
Silt Loam,27.96,18.47,"Phosphorus, Nitrogen, Potash"
Sand,11.38,5.68,"Nitrogen, Potassium"
Sandy Clay Loam,26.72,28.05,"DAP (Diammonium Phosphate), Nitrogen"
Loamy Sand,13.99,5.11,"Organic Fertilizer, Nitrogen"
Clay,30.79,40.89,"Urea, Potassium, Nitrogen"
Clay,27.04,38.14,"Urea, Potassium, Nitrogen"
Loamy Sand,18.04,7.95,"Organic Fertilizer, Nitrogen"
Silt Loam,28.65,15.83,"Phosphorus, Nitrogen, Potash"
Silty Clay,37.31,33.65,"Micro-Nutrients, Potash"
Silty Clay,30.39,39.86,"Micro-Nutrients, Potash"
Sandy Loam,24.87,12.76,"NPK (Nitrogen, Phosphorus, Potassium), Potash"
Silty Clay Loam,37.8,23.96,"Potash, Nitrogen, Micro-Nutrients"
Loamy Sand,10.27,5.0,"Organic Fertilizer, Nitrogen"
Sandy Clay Loam,28.27,25.37,"DAP (Diammonium Phosphate), Nitrogen"
Clay,27.05,36.11,"Urea, Potassium, Nitrogen"
Loam,29.48,16.22,"Compost, Nitrogen, Phosphorus"
Sandy Loam,19.05,10.05,"NPK (Nitrogen, Phosphorus, Potassium), Potash"
Clay,29.4,45.35,"Urea, Potassium, Nitrogen"
Silty Clay,36.59,30.84,"Micro-Nutrients, Potash"
Silt Loam,32.95,23.1,"Phosphorus, Nitrogen, Potash"
Sandy Clay Loam,27.6,29.55,"DAP (Diammonium Phosphate), Nitrogen"
Silt Loam,28.73,18.19,"Phosphorus, Nitrogen, Potash"
Silt Loam,34.39,19.48,"Phosphorus, Nitrogen, Potash"
Clay Loam,30.33,25.52,"Nitrogen, Potassium, Phosphorus"
Clay,34.04,37.65,"Urea, Potassium, Nitrogen"
Loamy Sand,10.53,6.32,"Organic Fertilizer, Nitrogen"
Loam,21.51,14.68,"Compost, Nitrogen, Phosphorus"
Sandy Clay Loam,30.74,34.28,"DAP (Diammonium Phosphate), Nitrogen"
Sand,10.15,6.07,"Nitrogen, Potassium"
Sand,7.87,1.89,"Nitrogen, Potassium"
Loam,21.95,12.85,"Compost, Nitrogen, Phosphorus"
Loam,20.1,18.75,"Compost, Nitrogen, Phosphorus"
Silty Clay Loam,39.63,29.21,"Potash, Nitrogen, Micro-Nutrients"
Loamy Sand,17.09,5.78,"Organic Fertilizer, Nitrogen"
Clay,26.63,48.25,"Urea, Potassium, Nitrogen"
Silty Clay Loam,31.53,21.4,"Potash, Nitrogen, Micro-Nutrients"
Silt Loam,34.29,15.68,"Phosphorus, Nitrogen, Potash"
Silt Loam,27.9,22.91,"Phosphorus, Nitrogen, Potash"
Silty Clay,38.2,39.68,"Micro-Nutrients, Potash"
Loam,26.03,12.12,"Compost, Nitrogen, Phosphorus"
Sandy Loam,17.88,12.93,"NPK (Nitrogen, Phosphorus, Potassium), Potash"
Sandy Loam,15.76,13.01,"NPK (Nitrogen, Phosphorus, Potassium), Potash"
Silty Clay,34.05,30.87,"Micro-Nutrients, Potash"
Clay Loam,35.7,34.51,"Nitrogen, Potassium, Phosphorus"
Clay Loam,37.37,31.78,"Nitrogen, Potassium, Phosphorus"
Sandy Loam,19.57,13.09,"NPK (Nitrogen, Phosphorus, Potassium), Potash"
Loamy Sand,10.96,5.43,"Organic Fertilizer, Nitrogen"
Sand,8.3,4.55,"Nitrogen, Potassium"
Silty Clay Loam,31.25,25.63,"Potash, Nitrogen, Micro-Nutrients"
Silty Clay Loam,33.85,29.77,"Potash, Nitrogen, Micro-Nutrients"
Sandy Clay Loam,27.92,28.97,"DAP (Diammonium Phosphate), Nitrogen"
Silty Clay,33.61,33.76,"Micro-Nutrients, Potash"
Silt Loam,29.46,18.83,"Phosphorus, Nitrogen, Potash"
Clay Loam,33.42,25.35,"Nitrogen, Potassium, Phosphorus"
Sand,6.95,1.59,"Nitrogen, Potassium"
Loam,24.52,14.46,"Compost, Nitrogen, Phosphorus"
Clay Loam,34.71,28.83,"Nitrogen, Potassium, Phosphorus"
Sandy Clay Loam,31.64,34.45,"DAP (Diammonium Phosphate), Nitrogen"
Sand,11.16,1.31,"Nitrogen, Potassium"
Sand,7.56,1.23,"Nitrogen, Potassium"
Silty Clay,34.14,34.69,"Micro-Nutrients, Potash"
Silt Loam,30.49,20.27,"Phosphorus, Nitrogen, Potash"
Silt Loam,25.73,21.82,"Phosphorus, Nitrogen, Potash"
Sandy Clay Loam,30.82,25.6,"DAP (Diammonium Phosphate), Nitrogen"
Sandy Clay Loam,29.79,31.04,"DAP (Diammonium Phosphate), Nitrogen"
Silty Clay,35.33,33.46,"Micro-Nutrients, Potash"
Silty Clay,36.47,35.24,"Micro-Nutrients, Potash"
Sand,10.1,7.59,"Nitrogen, Potassium"
Sandy Clay Loam,33.8,30.46,"DAP (Diammonium Phosphate), Nitrogen"
Sand,10.51,2.16,"Nitrogen, Potassium"
Sandy Clay Loam,34.78,33.3,"DAP (Diammonium Phosphate), Nitrogen"
Loam,24.47,16.27,"Compost, Nitrogen, Phosphorus"
Clay,27.06,42.3,"Urea, Potassium, Nitrogen"
Loamy Sand,14.77,5.6,"Organic Fertilizer, Nitrogen"
Clay,26.5,39.58,"Urea, Potassium, Nitrogen"
Sandy Clay Loam,29.61,25.21,"DAP (Diammonium Phosphate), Nitrogen"
Silt Loam,32.06,16.34,"Phosphorus, Nitrogen, Potash"
Clay,34.88,42.52,"Urea, Potassium, Nitrogen"
Loamy Sand,15.79,7.45,"Organic Fertilizer, Nitrogen"
Silty Clay Loam,39.02,20.58,"Potash, Nitrogen, Micro-Nutrients"
Silty Clay Loam,33.63,28.45,"Potash, Nitrogen, Micro-Nutrients"
Silt Loam,31.56,24.49,"Phosphorus, Nitrogen, Potash"
Silt Loam,33.3,22.68,"Phosphorus, Nitrogen, Potash"
Loam,27.01,13.18,"Compost, Nitrogen, Phosphorus"
Loamy Sand,13.24,6.94,"Organic Fertilizer, Nitrogen"
Silty Clay,33.94,32.38,"Micro-Nutrients, Potash"
Silty Clay Loam,39.16,24.0,"Potash, Nitrogen, Micro-Nutrients"
Silt Loam,33.98,23.22,"Phosphorus, Nitrogen, Potash"
Clay Loam,37.47,30.07,"Nitrogen, Potassium, Phosphorus"
Sand,11.86,5.89,"Nitrogen, Potassium"
Silty Clay,35.53,36.92,"Micro-Nutrients, Potash"
Sand,11.26,5.12,"Nitrogen, Potassium"
Clay Loam,38.18,33.63,"Nitrogen, Potassium, Phosphorus"
Silty Clay Loam,34.33,20.92,"Potash, Nitrogen, Micro-Nutrients"
Silty Clay Loam,37.83,25.58,"Potash, Nitrogen, Micro-Nutrients"
Loamy Sand,12.38,8.88,"Organic Fertilizer, Nitrogen"
Silt Loam,32.62,19.91,"Phosphorus, Nitrogen, Potash"
Sandy Loam,16.98,14.67,"NPK (Nitrogen, Phosphorus, Potassium), Potash"
Sandy Loam,20.56,14.27,"NPK (Nitrogen, Phosphorus, Potassium), Potash"
Sand,14.13,2.75,"Nitrogen, Potassium"
Silty Clay Loam,31.36,25.75,"Potash, Nitrogen, Micro-Nutrients"
Clay,34.33,35.89,"Urea, Potassium, Nitrogen"
Loam,28.69,12.11,"Compost, Nitrogen, Phosphorus"
Clay Loam,39.81,34.96,"Nitrogen, Potassium, Phosphorus"
Clay Loam,34.78,28.53,"Nitrogen, Potassium, Phosphorus"
Clay,28.87,44.15,"Urea, Potassium, Nitrogen"
Loamy Sand,17.82,6.04,"Organic Fertilizer, Nitrogen"
Sand,12.58,2.15,"Nitrogen, Potassium"
Sand,14.55,7.13,"Nitrogen, Potassium"
Sandy Clay Loam,30.43,29.8,"DAP (Diammonium Phosphate), Nitrogen"
Loam,21.18,14.51,"Compost, Nitrogen, Phosphorus"
Sand,9.94,1.79,"Nitrogen, Potassium"
Silty Clay,35.41,30.08,"Micro-Nutrients, Potash"
Clay,33.06,38.61,"Urea, Potassium, Nitrogen"
Sandy Loam,17.25,13.06,"NPK (Nitrogen, Phosphorus, Potassium), Potash"
Loam,28.49,15.32,"Compost, Nitrogen, Phosphorus"
Silty Clay Loam,38.72,26.03,"Potash, Nitrogen, Micro-Nutrients"
Loam,20.2,17.48,"Compost, Nitrogen, Phosphorus"
Clay Loam,30.83,31.54,"Nitrogen, Potassium, Phosphorus"
Clay Loam,39.03,31.23,"Nitrogen, Potassium, Phosphorus"
Sandy Loam,16.5,11.12,"NPK (Nitrogen, Phosphorus, Potassium), Potash"
Silty Clay Loam,32.04,20.49,"Potash, Nitrogen, Micro-Nutrients"
Sandy Clay Loam,27.74,30.06,"DAP (Diammonium Phosphate), Nitrogen"
Loamy Sand,15.42,5.24,"Organic Fertilizer, Nitrogen"
Clay Loam,32.09,34.43,"Nitrogen, Potassium, Phosphorus"
Sandy Clay Loam,29.88,25.72,"DAP (Diammonium Phosphate), Nitrogen"
Sandy Loam,18.75,11.91,"NPK (Nitrogen, Phosphorus, Potassium), Potash"
Loamy Sand,19.27,9.29,"Organic Fertilizer, Nitrogen"
Sandy Loam,21.12,12.79,"NPK (Nitrogen, Phosphorus, Potassium), Potash"
Silt Loam,31.65,23.8,"Phosphorus, Nitrogen, Potash"
Silty Clay Loam,33.89,23.92,"Potash, Nitrogen, Micro-Nutrients"
Clay,29.26,45.27,"Urea, Potassium, Nitrogen"
Clay,34.16,36.34,"Urea, Potassium, Nitrogen"
Clay Loam,31.3,26.99,"Nitrogen, Potassium, Phosphorus"
Sand,12.97,4.16,"Nitrogen, Potassium"
Silty Clay Loam,37.05,22.33,"Potash, Nitrogen, Micro-Nutrients"
Silty Clay Loam,37.44,29.93,"Potash, Nitrogen, Micro-Nutrients"
Loam,23.74,17.02,"Compost, Nitrogen, Phosphorus"
Sand,14.04,5.34,"Nitrogen, Potassium"
Sand,10.08,1.23,"Nitrogen, Potassium"
Silty Clay Loam,37.4,21.53,"Potash, Nitrogen, Micro-Nutrients"
Sandy Clay Loam,32.68,33.12,"DAP (Diammonium Phosphate), Nitrogen"
Sandy Clay Loam,34.44,31.4,"DAP (Diammonium Phosphate), Nitrogen"
Sandy Clay Loam,32.84,27.72,"DAP (Diammonium Phosphate), Nitrogen"
Sandy Loam,21.3,14.25,"NPK (Nitrogen, Phosphorus, Potassium), Potash"
Loam,24.42,12.05,"Compost, Nitrogen, Phosphorus"
Clay Loam,32.13,29.75,"Nitrogen, Potassium, Phosphorus"
Silty Clay Loam,35.56,20.99,"Potash, Nitrogen, Micro-Nutrients"
Sand,8.25,5.07,"Nitrogen, Potassium"
Loam,20.05,14.59,"Compost, Nitrogen, Phosphorus"
Sand,5.27,2.83,"Nitrogen, Potassium"
Sandy Loam,24.31,13.14,"NPK (Nitrogen, Phosphorus, Potassium), Potash"
Loam,22.63,14.7,"Compost, Nitrogen, Phosphorus"
Loamy Sand,12.27,8.32,"Organic Fertilizer, Nitrogen"
Silty Clay,36.75,37.36,"Micro-Nutrients, Potash"
Silt Loam,33.03,18.38,"Phosphorus, Nitrogen, Potash"
Loamy Sand,10.0,5.46,"Organic Fertilizer, Nitrogen"
Silty Clay,30.69,31.42,"Micro-Nutrients, Potash"
Sandy Clay Loam,31.88,33.39,"DAP (Diammonium Phosphate), Nitrogen"
Silt Loam,27.75,21.62,"Phosphorus, Nitrogen, Potash"
Silty Clay,36.54,38.01,"Micro-Nutrients, Potash"
Sand,6.51,3.13,"Nitrogen, Potassium"
Silty Clay Loam,33.21,28.52,"Potash, Nitrogen, Micro-Nutrients"
Clay Loam,37.24,30.12,"Nitrogen, Potassium, Phosphorus"
Sandy Clay Loam,33.54,26.53,"DAP (Diammonium Phosphate), Nitrogen"
Clay,32.8,35.98,"Urea, Potassium, Nitrogen"
Clay Loam,38.1,32.0,"Nitrogen, Potassium, Phosphorus"
Sandy Clay Loam,31.06,25.23,"DAP (Diammonium Phosphate), Nitrogen"
Silt Loam,30.37,22.93,"Phosphorus, Nitrogen, Potash"
Sandy Loam,23.37,14.32,"NPK (Nitrogen, Phosphorus, Potassium), Potash"
Clay,25.01,44.91,"Urea, Potassium, Nitrogen"
Clay,33.11,49.98,"Urea, Potassium, Nitrogen"
Sandy Loam,17.87,12.78,"NPK (Nitrogen, Phosphorus, Potassium), Potash"
Clay Loam,39.04,29.48,"Nitrogen, Potassium, Phosphorus"
Silty Clay,34.8,30.98,"Micro-Nutrients, Potash"
Sand,7.6,3.58,"Nitrogen, Potassium"
Loamy Sand,14.12,7.24,"Organic Fertilizer, Nitrogen"
Sand,14.34,6.24,"Nitrogen, Potassium"
Sandy Clay Loam,26.05,33.3,"DAP (Diammonium Phosphate), Nitrogen"
Loamy Sand,17.93,9.8,"Organic Fertilizer, Nitrogen"
Clay Loam,35.21,30.58,"Nitrogen, Potassium, Phosphorus"
Silty Clay Loam,37.42,26.68,"Potash, Nitrogen, Micro-Nutrients"
Clay Loam,31.64,31.48,"Nitrogen, Potassium, Phosphorus"
Silty Clay Loam,38.92,26.68,"Potash, Nitrogen, Micro-Nutrients"
Silt Loam,34.71,16.09,"Phosphorus, Nitrogen, Potash"
Loam,26.03,18.4,"Compost, Nitrogen, Phosphorus"
Silty Clay,38.5,38.83,"Micro-Nutrients, Potash"
Silt Loam,25.04,20.78,"Phosphorus, Nitrogen, Potash"
Sandy Loam,22.26,11.18,"NPK (Nitrogen, Phosphorus, Potassium), Potash"
Loamy Sand,10.48,9.87,"Organic Fertilizer, Nitrogen"
Sandy Loam,19.41,11.62,"NPK (Nitrogen, Phosphorus, Potassium), Potash"
Silty Clay Loam,39.39,28.85,"Potash, Nitrogen, Micro-Nutrients"
Silty Clay Loam,33.41,25.17,"Potash, Nitrogen, Micro-Nutrients"
Sandy Loam,19.0,12.87,"NPK (Nitrogen, Phosphorus, Potassium), Potash"
Clay,31.26,38.71,"Urea, Potassium, Nitrogen"
Silt Loam,32.78,24.47,"Phosphorus, Nitrogen, Potash"
Loamy Sand,11.11,6.1,"Organic Fertilizer, Nitrogen"
Sandy Loam,20.5,11.46,"NPK (Nitrogen, Phosphorus, Potassium), Potash"
Loamy Sand,17.69,8.59,"Organic Fertilizer, Nitrogen"
Sandy Loam,20.61,11.72,"NPK (Nitrogen, Phosphorus, Potassium), Potash"
Silty Clay,30.94,39.71,"Micro-Nutrients, Potash"
Loam,22.68,18.44,"Compost, Nitrogen, Phosphorus"
Loamy Sand,18.57,9.81,"Organic Fertilizer, Nitrogen"
Clay Loam,34.44,31.0,"Nitrogen, Potassium, Phosphorus"
Sandy Clay Loam,32.56,31.91,"DAP (Diammonium Phosphate), Nitrogen"
Clay,31.74,42.91,"Urea, Potassium, Nitrogen"
Loam,23.95,17.84,"Compost, Nitrogen, Phosphorus"
Silty Clay,35.31,38.4,"Micro-Nutrients, Potash"
Clay,31.31,37.13,"Urea, Potassium, Nitrogen"
Sand,7.71,5.41,"Nitrogen, Potassium"
Silt Loam,31.03,23.36,"Phosphorus, Nitrogen, Potash"
Clay Loam,35.73,34.46,"Nitrogen, Potassium, Phosphorus"
Loamy Sand,19.0,9.29,"Organic Fertilizer, Nitrogen"
Loam,29.46,18.02,"Compost, Nitrogen, Phosphorus"
Silty Clay,32.33,35.23,"Micro-Nutrients, Potash"
Silt Loam,34.66,24.15,"Phosphorus, Nitrogen, Potash"
Silt Loam,29.85,22.12,"Phosphorus, Nitrogen, Potash"
Clay,34.1,49.71,"Urea, Potassium, Nitrogen"
Loamy Sand,14.54,8.24,"Organic Fertilizer, Nitrogen"
Sand,14.62,1.89,"Nitrogen, Potassium"
Sandy Clay Loam,33.05,32.9,"DAP (Diammonium Phosphate), Nitrogen"
Clay Loam,35.25,31.82,"Nitrogen, Potassium, Phosphorus"
Sand,8.02,3.93,"Nitrogen, Potassium"
Sand,8.41,5.55,"Nitrogen, Potassium"
Loam,28.1,16.68,"Compost, Nitrogen, Phosphorus"
Loamy Sand,10.84,5.48,"Organic Fertilizer, Nitrogen"
Sand,12.12,5.67,"Nitrogen, Potassium"
Silty Clay,37.36,36.21,"Micro-Nutrients, Potash"
Silty Clay Loam,31.04,20.28,"Potash, Nitrogen, Micro-Nutrients"
Silty Clay,34.63,33.76,"Micro-Nutrients, Potash"
Silty Clay,32.42,33.74,"Micro-Nutrients, Potash"
Silt Loam,32.79,18.92,"Phosphorus, Nitrogen, Potash"
Loamy Sand,10.46,8.66,"Organic Fertilizer, Nitrogen"
Clay Loam,39.78,28.08,"Nitrogen, Potassium, Phosphorus"
Clay,31.58,43.0,"Urea, Potassium, Nitrogen"
Silty Clay Loam,32.86,29.57,"Potash, Nitrogen, Micro-Nutrients"
Clay,32.51,46.52,"Urea, Potassium, Nitrogen"
Clay,34.35,46.53,"Urea, Potassium, Nitrogen"
Sandy Loam,17.13,12.09,"NPK (Nitrogen, Phosphorus, Potassium), Potash"
Loamy Sand,16.36,5.94,"Organic Fertilizer, Nitrogen"
Silty Clay,33.6,32.69,"Micro-Nutrients, Potash"
Silt Loam,28.2,21.96,"Phosphorus, Nitrogen, Potash"
Loam,20.94,18.29,"Compost, Nitrogen, Phosphorus"
Loam,29.76,16.42,"Compost, Nitrogen, Phosphorus"
Loam,21.56,16.1,"Compost, Nitrogen, Phosphorus"
Clay Loam,30.77,25.61,"Nitrogen, Potassium, Phosphorus"
Silty Clay Loam,31.0,28.25,"Potash, Nitrogen, Micro-Nutrients"
Loam,23.13,18.3,"Compost, Nitrogen, Phosphorus"
Clay Loam,35.44,26.12,"Nitrogen, Potassium, Phosphorus"
Sandy Loam,15.37,14.17,"NPK (Nitrogen, Phosphorus, Potassium), Potash"
Clay,25.46,41.47,"Urea, Potassium, Nitrogen"
Loam,28.38,19.77,"Compost, Nitrogen, Phosphorus"
Sand,9.57,4.58,"Nitrogen, Potassium"
Loamy Sand,11.3,9.64,"Organic Fertilizer, Nitrogen"
Silty Clay,36.18,39.09,"Micro-Nutrients, Potash"
Loam,29.93,16.88,"Compost, Nitrogen, Phosphorus"
Sandy Clay Loam,34.89,29.25,"DAP (Diammonium Phosphate), Nitrogen"
Sandy Clay Loam,34.71,32.82,"DAP (Diammonium Phosphate), Nitrogen"
Silty Clay,36.55,31.0,"Micro-Nutrients, Potash"
Loam,26.52,16.29,"Compost, Nitrogen, Phosphorus"
Silty Clay Loam,38.33,21.26,"Potash, Nitrogen, Micro-Nutrients"
Sandy Clay Loam,31.72,34.54,"DAP (Diammonium Phosphate), Nitrogen"
Silty Clay,31.96,33.68,"Micro-Nutrients, Potash"
Clay Loam,31.41,27.43,"Nitrogen, Potassium, Phosphorus"
Sandy Clay Loam,27.93,32.71,"DAP (Diammonium Phosphate), Nitrogen"
Loam,23.22,17.7,"Compost, Nitrogen, Phosphorus"
Loam,29.51,12.17,"Compost, Nitrogen, Phosphorus"
Sandy Clay Loam,29.54,34.84,"DAP (Diammonium Phosphate), Nitrogen"
Loamy Sand,17.22,5.22,"Organic Fertilizer, Nitrogen"
Silty Clay Loam,38.4,20.84,"Potash, Nitrogen, Micro-Nutrients"
Silty Clay,35.55,30.83,"Micro-Nutrients, Potash"
Silt Loam,28.9,23.87,"Phosphorus, Nitrogen, Potash"
Silty Clay Loam,38.28,21.1,"Potash, Nitrogen, Micro-Nutrients"
Loam,23.6,12.17,"Compost, Nitrogen, Phosphorus"
Silt Loam,31.76,15.42,"Phosphorus, Nitrogen, Potash"
Sandy Loam,23.33,14.26,"NPK (Nitrogen, Phosphorus, Potassium), Potash"
Sandy Clay Loam,32.21,34.83,"DAP (Diammonium Phosphate), Nitrogen"
Silty Clay Loam,39.51,26.11,"Potash, Nitrogen, Micro-Nutrients"
Loamy Sand,15.34,8.66,"Organic Fertilizer, Nitrogen"
Clay Loam,38.75,30.13,"Nitrogen, Potassium, Phosphorus"
Clay,30.32,48.9,"Urea, Potassium, Nitrogen"
Loam,23.79,18.35,"Compost, Nitrogen, Phosphorus"
Clay Loam,35.47,34.73,"Nitrogen, Potassium, Phosphorus"
Loamy Sand,15.28,5.12,"Organic Fertilizer, Nitrogen"
Loamy Sand,12.42,5.45,"Organic Fertilizer, Nitrogen"
Sandy Clay Loam,26.91,29.28,"DAP (Diammonium Phosphate), Nitrogen"
Sandy Loam,16.67,10.83,"NPK (Nitrogen, Phosphorus, Potassium), Potash"
Silty Clay,39.99,31.73,"Micro-Nutrients, Potash"
Silty Clay,34.82,39.64,"Micro-Nutrients, Potash"
Silty Clay Loam,37.93,20.1,"Potash, Nitrogen, Micro-Nutrients"
Loam,21.27,15.4,"Compost, Nitrogen, Phosphorus"
Loam,22.79,16.01,"Compost, Nitrogen, Phosphorus"
Silt Loam,28.59,22.96,"Phosphorus, Nitrogen, Potash"
Sandy Clay Loam,33.05,26.36,"DAP (Diammonium Phosphate), Nitrogen"
Clay Loam,39.33,29.16,"Nitrogen, Potassium, Phosphorus"
Loamy Sand,15.15,6.47,"Organic Fertilizer, Nitrogen"
Silt Loam,29.84,21.21,"Phosphorus, Nitrogen, Potash"
Loamy Sand,16.53,8.24,"Organic Fertilizer, Nitrogen"
Clay,28.69,36.37,"Urea, Potassium, Nitrogen"
Clay Loam,34.58,30.85,"Nitrogen, Potassium, Phosphorus"
Silt Loam,25.12,23.6,"Phosphorus, Nitrogen, Potash"
Clay Loam,36.56,27.34,"Nitrogen, Potassium, Phosphorus"
Sand,5.33,2.65,"Nitrogen, Potassium"
Silty Clay Loam,37.59,29.07,"Potash, Nitrogen, Micro-Nutrients"
Sandy Clay Loam,29.0,32.78,"DAP (Diammonium Phosphate), Nitrogen"
Loam,22.48,18.56,"Compost, Nitrogen, Phosphorus"
Clay Loam,33.22,26.14,"Nitrogen, Potassium, Phosphorus"
Clay Loam,38.92,28.15,"Nitrogen, Potassium, Phosphorus"
Loam,29.53,18.47,"Compost, Nitrogen, Phosphorus"
Clay Loam,34.91,29.83,"Nitrogen, Potassium, Phosphorus"
Silty Clay,32.87,31.64,"Micro-Nutrients, Potash"
Sandy Loam,21.43,12.77,"NPK (Nitrogen, Phosphorus, Potassium), Potash"
Sandy Clay Loam,34.34,25.5,"DAP (Diammonium Phosphate), Nitrogen"
Silt Loam,30.08,20.75,"Phosphorus, Nitrogen, Potash"
Loamy Sand,14.43,6.21,"Organic Fertilizer, Nitrogen"
Silty Clay Loam,31.28,28.0,"Potash, Nitrogen, Micro-Nutrients"
Sandy Clay Loam,25.52,26.58,"DAP (Diammonium Phosphate), Nitrogen"
Clay,27.62,40.71,"Urea, Potassium, Nitrogen"
Silt Loam,28.05,16.74,"Phosphorus, Nitrogen, Potash"
Loamy Sand,15.19,5.72,"Organic Fertilizer, Nitrogen"
Sandy Clay Loam,28.76,29.58,"DAP (Diammonium Phosphate), Nitrogen"
Sandy Clay Loam,27.72,29.76,"DAP (Diammonium Phosphate), Nitrogen"
Sandy Clay Loam,33.88,30.34,"DAP (Diammonium Phosphate), Nitrogen"
Silty Clay,34.63,30.82,"Micro-Nutrients, Potash"
Sandy Loam,23.24,14.7,"NPK (Nitrogen, Phosphorus, Potassium), Potash"
Clay,34.88,45.18,"Urea, Potassium, Nitrogen"
Clay,29.93,44.9,"Urea, Potassium, Nitrogen"
Loam,29.0,19.08,"Compost, Nitrogen, Phosphorus"
Loam,22.62,18.62,"Compost, Nitrogen, Phosphorus"
Sand,9.54,5.49,"Nitrogen, Potassium"
Sandy Clay Loam,25.27,32.57,"DAP (Diammonium Phosphate), Nitrogen"
Sandy Loam,21.76,13.38,"NPK (Nitrogen, Phosphorus, Potassium), Potash"
Clay,27.03,40.56,"Urea, Potassium, Nitrogen"
Loam,20.54,16.72,"Compost, Nitrogen, Phosphorus"
Clay Loam,37.96,28.84,"Nitrogen, Potassium, Phosphorus"
Sandy Clay Loam,28.99,30.76,"DAP (Diammonium Phosphate), Nitrogen"
Sandy Loam,16.07,10.07,"NPK (Nitrogen, Phosphorus, Potassium), Potash"
Sandy Loam,15.76,13.71,"NPK (Nitrogen, Phosphorus, Potassium), Potash"
Sand,10.51,3.82,"Nitrogen, Potassium"
Clay Loam,30.06,34.8,"Nitrogen, Potassium, Phosphorus"
Silt Loam,34.45,22.49,"Phosphorus, Nitrogen, Potash"
Loamy Sand,18.32,9.52,"Organic Fertilizer, Nitrogen"
Sandy Clay Loam,32.53,30.12,"DAP (Diammonium Phosphate), Nitrogen"
Clay Loam,37.4,27.07,"Nitrogen, Potassium, Phosphorus"
Silty Clay,32.26,37.73,"Micro-Nutrients, Potash"
Loamy Sand,12.35,5.18,"Organic Fertilizer, Nitrogen"
